연번,설치목적,설치대수,설치장소,촬영범위,기관명 및 관리부서,,,,,,,,,,,,
1,방범용,1,경상남도 거창군 거창읍 중앙리 100-13,전방 70M,거창군 안전총괄과,,,,,,,,,,,,
2,방범용,1,경상남도 거창군 거창읍 상림리 155-203,전방 70M,거창군 안전총괄과,,,,,,,,,,,,
3,방범용,1,경상남도 거창군 거창읍 상림리 155-203,전방 70M,거창군 안전총괄과,,,,,,,,,,,,
4,방범용,1,경상남도 거창군 거창읍 상림리 155-203,전방 70M,거창군 안전총괄과,,,,,,,,,,,,
5,방범용,1,경상남도 거창군 가북면 우혜리 1882,전방 70M,거창군 안전총괄과,,,,,,,,,,,,
6,방범용,1,경상남도 거창군 가북면 우혜리 1882,전방 70M,거창군 안전총괄과,,,,,,,,,,,,
7,방범용,1,경상남도 거창군 가조면 도리 산82-7,전방 70M,거창군 안전총괄과,,,,,,,,,,,,
8,방범용,1,경상남도 거창군 가조면 마상리 336,전방 70M,거창군 안전총괄과,,,,,,,,,,,,
9,방범용,1,경상남도 거창군 가조면 마상리 336,전방 70M,거창군 안전총괄과,,,,,,,,,,,,
10,방범용,1,경상남도 거창군 거창읍 중앙리 173-4,전방 70M,거창군 안전총괄과,,,,,,,,,,,,
11,방범용,1,경상남도 거창군 거창읍 중앙리 352-14,전방 70M,거창군 안전총괄과,,,,,,,,,,,,
12,방범용,1,경상남도 거창군 거창읍 중앙리 352-14,전방 70M,거창군 안전총괄과,,,,,,,,,,,,
13,방범용,1,경상남도 거창군 거창읍 중앙리 352-14,전방 70M,거창군 안전총괄과,,,,,,,,,,,,
14,방범용,1,경상남도 거창군 거창읍 중앙리 352-14,전방 70M,거창군 안전총괄과,,,,,,,,,,,,
15,방범용,1,경상남도 거창군 거창읍 대동리 679-19,전방 70M,거창군 안전총괄과,,,,,,,,,,,,
16,방범용,1,경상남도 거창군 거창읍 대동리 679-19,전방 70M,거창군 안전총괄과,,,,,,,,,,,,
17,방범용,1,경상남도 거창군 거창읍 대동리 237-3,전방 70M,거창군 안전총괄과,,,,,,,,,,,,
18,방범용,1,경상남도 거창군 거창읍 대동리 237-3,전방 70M,거창군 안전총괄과,,,,,,,,,,,,
19,방범용,1,경상남도 거창군 거창읍 대동리 237-3,전방 70M,거창군 안전총괄과,,,,,,,,,,,,
20,방범용,1,경상남도 거창군 거창읍 대동리 237-3,전방 70M,거창군 안전총괄과,,,,,,,,,,,,
21,방범용,1,경상남도 거창군 거창읍 상림리 670-6,전방 70M,거창군 안전총괄과,,,,,,,,,,,,
22,방범용,1,경상남도 거창군 거창읍 상림리 670-6,전방 70M,거창군 안전총괄과,,,,,,,,,,,,
23,방범용,1,경상남도 거창군 거창읍 상림리 670-6,전방 70M,거창군 안전총괄과,,,,,,,,,,,,
24,방범용,1,경상남도 거창군 거창읍 중앙리 487-2,전방 70M,거창군 안전총괄과,,,,,,,,,,,,
25,방범용,1,경상남도 거창군 거창읍 중앙리 487-2,전방 70M,거창군 안전총괄과,,,,,,,,,,,,
26,방범용,1,경상남도 거창군 거창읍 중앙리 273-25,전방 70M,거창군 안전총괄과,,,,,,,,,,,,
27,방범용,1,경상남도 거창군 거창읍 중앙리 436-8,전방 70M,거창군 안전총괄과,,,,,,,,,,,,
28,방범용,1,경상남도 거창군 거창읍 중앙리 436-8,전방 70M,거창군 안전총괄과,,,,,,,,,,,,
29,방범용,1,경상남도 거창군 거창읍 중앙리 420-5,전방 70M,거창군 안전총괄과,,,,,,,,,,,,
30,방범용,1,경상남도 거창군 거창읍 상림리 778-2,전방 70M,거창군 안전총괄과,,,,,,,,,,,,
31,방범용,1,경상남도 거창군 거창읍 중앙리 317-4,전방 70M,거창군 안전총괄과,,,,,,,,,,,,
32,방범용,1,경상남도 거창군 거창읍 중앙리 317-4,전방 70M,거창군 안전총괄과,,,,,,,,,,,,
33,방범용,1,경상남도 거창군 거창읍 중앙리 317-4,전방 70M,거창군 안전총괄과,,,,,,,,,,,,
34,방범용,1,경상남도 거창군 거창읍 중앙리 317-4,전방 70M,거창군 안전총괄과,,,,,,,,,,,,
35,방범용,1,경상남도 거창군 거창읍 상림리 산34-4,전방 70M,거창군 안전총괄과,,,,,,,,,,,,
36,방범용,1,경상남도 거창군 거창읍 상림리 산34-4,전방 70M,거창군 안전총괄과,,,,,,,,,,,,
37,방범용,1,경상남도 거창군 거창읍 상림리 808,전방 70M,거창군 안전총괄과,,,,,,,,,,,,
38,방범용,1,경상남도 거창군 거창읍 김천리 264,전방 70M,거창군 안전총괄과,,,,,,,,,,,,
39,방범용,1,경상남도 거창군 거창읍 중앙리 282-1,전방 70M,거창군 안전총괄과,,,,,,,,,,,,
40,방범용,1,경상남도 거창군 고제면 궁항리 1147-6,전방 70M,거창군 안전총괄과,,,,,,,,,,,,
41,방범용,1,경상남도 거창군 위천면 상천리 772-3,전방 70M,거창군 안전총괄과,,,,,,,,,,,,
42,방범용,1,경상남도 거창군 위천면 상천리 772-3,전방 70M,거창군 안전총괄과,,,,,,,,,,,,
43,방범용,1,경상남도 거창군 거창읍 김천리 348-1,전방 70M,거창군 안전총괄과,,,,,,,,,,,,
44,방범용,1,경상남도 거창군 거창읍 김천리 348-1,전방 70M,거창군 안전총괄과,,,,,,,,,,,,
45,방범용,1,경상남도 거창군 거창읍 김천리 348-1,전방 70M,거창군 안전총괄과,,,,,,,,,,,,
46,방범용,1,경상남도 거창군 거창읍 김천리 348-1,전방 70M,거창군 안전총괄과,,,,,,,,,,,,
47,방범용,1,경상남도 거창군 남하면 무릉리 1524,전방 70M,거창군 안전총괄과,,,,,,,,,,,,
48,방범용,1,경상남도 거창군 남하면 무릉리 1524,전방 70M,거창군 안전총괄과,,,,,,,,,,,,
49,방범용,1,경상남도 거창군 고제면 농산리 200-2,전방 70M,거창군 안전총괄과,,,,,,,,,,,,
50,방범용,1,경상남도 거창군 고제면 농산리 200-2,전방 70M,거창군 안전총괄과,,,,,,,,,,,,
51,방범용,1,경상남도 거창군 고제면 농산리 200-2,전방 70M,거창군 안전총괄과,,,,,,,,,,,,
52,방범용,1,경상남도 거창군 거창읍 상림리 215-2,전방 70M,거창군 안전총괄과,,,,,,,,,,,,
53,방범용,1,경상남도 거창군 거창읍 상림리 215-2,전방 70M,거창군 안전총괄과,,,,,,,,,,,,
54,방범용,1,경상남도 거창군 거창읍 대동리 869-2,전방 70M,거창군 안전총괄과,,,,,,,,,,,,
55,방범용,1,경상남도 거창군 거창읍 가지리 1719,전방 70M,거창군 안전총괄과,,,,,,,,,,,,
56,방범용,1,경상남도 거창군 거창읍 상림리 12-3,전방 70M,거창군 안전총괄과,,,,,,,,,,,,
57,방범용,1,경상남도 거창군 거창읍 상림리 12-3,전방 70M,거창군 안전총괄과,,,,,,,,,,,,
58,방범용,1,경상남도 거창군 거창읍 중앙리 전473-2,전방 70M,거창군 안전총괄과,,,,,,,,,,,,
59,방범용,1,경상남도 거창군 거창읍 중앙리 전473-2,전방 70M,거창군 안전총괄과,,,,,,,,,,,,
60,방범용,1,경상남도 거창군 거창읍 김천리 2-2,전방 70M,거창군 안전총괄과,,,,,,,,,,,,
61,방범용,1,경상남도 거창군 거창읍 김천리 2-2,전방 70M,거창군 안전총괄과,,,,,,,,,,,,
62,방범용,1,경상남도 거창군 북상면 농산리 133,전방 70M,거창군 안전총괄과,,,,,,,,,,,,
63,방범용,1,경상남도 거창군 거창읍 김천리 472-67,전방 70M,거창군 안전총괄과,,,,,,,,,,,,
64,방범용,1,경상남도 거창군 거창읍 김천리 472-67,전방 70M,거창군 안전총괄과,,,,,,,,,,,,
65,방범용,1,경상남도 거창군 거창읍 김천리 472-67,전방 70M,거창군 안전총괄과,,,,,,,,,,,,
66,방범용,1,경상남도 거창군 북상면 농산리 산17-2,전방 70M,거창군 안전총괄과,,,,,,,,,,,,
67,방범용,1,경상남도 거창군 거창읍 대동리 696-4,전방 70M,거창군 안전총괄과,,,,,,,,,,,,
68,방범용,1,경상남도 거창군 거창읍 대동리 696-4,전방 70M,거창군 안전총괄과,,,,,,,,,,,,
69,방범용,1,경상남도 거창군 거창읍 대동리 696-4,전방 70M,거창군 안전총괄과,,,,,,,,,,,,
70,방범용,1,경상남도 거창군 거창읍 대동리 696-4,전방 70M,거창군 안전총괄과,,,,,,,,,,,,
71,방범용,1,경상남도 거창군 북상면 갈계리 1391-2,전방 70M,거창군 안전총괄과,,,,,,,,,,,,
72,방범용,1,경상남도 거창군 북상면 갈계리 1391-2,전방 70M,거창군 안전총괄과,,,,,,,,,,,,
73,방범용,1,경상남도 거창군 거창읍 대동리 27-13,전방 70M,거창군 안전총괄과,,,,,,,,,,,,
74,방범용,1,경상남도 거창군 북상면 산수리 산51,전방 70M,거창군 안전총괄과,,,,,,,,,,,,
75,방범용,1,경상남도 거창군 가조면 동례리 1725-3,전방 70M,거창군 안전총괄과,,,,,,,,,,,,
76,방범용,1,경상남도 거창군 거창읍 중앙리 482-8,전방 70M,거창군 안전총괄과,,,,,,,,,,,,
77,방범용,1,경상남도 거창군 거창읍 중앙리 482-8,전방 70M,거창군 안전총괄과,,,,,,,,,,,,
78,방범용,1,경상남도 거창군 거창읍 중앙리 482-8,전방 70M,거창군 안전총괄과,,,,,,,,,,,,
79,방범용,1,경상남도 거창군 거창읍 대동리 862-6,전방 70M,거창군 안전총괄과,,,,,,,,,,,,
80,방범용,1,경상남도 거창군 거창읍 대동리 829-3,전방 70M,거창군 안전총괄과,,,,,,,,,,,,
81,방범용,1,경상남도 거창군 거창읍 송정리 485-1,전방 70M,거창군 안전총괄과,,,,,,,,,,,,
82,방범용,1,경상남도 거창군 거창읍 송정리 485-1,전방 70M,거창군 안전총괄과,,,,,,,,,,,,
83,방범용,1,경상남도 거창군 거창읍 송정리 211-3,전방 70M,거창군 안전총괄과,,,,,,,,,,,,
84,방범용,1,경상남도 거창군 거창읍 송정리 211-3,전방 70M,거창군 안전총괄과,,,,,,,,,,,,
85,방범용,1,경상남도 거창군 거창읍 송정리 211-3,전방 70M,거창군 안전총괄과,,,,,,,,,,,,
86,방범용,1,경상남도 거창군 거창읍 대평리 1005,전방 70M,거창군 안전총괄과,,,,,,,,,,,,
87,방범용,1,경상남도 거창군 거창읍 대평리 1005,전방 70M,거창군 안전총괄과,,,,,,,,,,,,
88,방범용,1,경상남도 거창군 신원면 과정리 200,전방 70M,거창군 안전총괄과,,,,,,,,,,,,
89,방범용,1,경상남도 거창군 신원면 과정리 200,전방 70M,거창군 안전총괄과,,,,,,,,,,,,
90,방범용,1,경상남도 거창군 거창읍 대동리 686-1,전방 70M,거창군 안전총괄과,,,,,,,,,,,,
91,방범용,1,경상남도 거창군 거창읍 대동리 686-1,전방 70M,거창군 안전총괄과,,,,,,,,,,,,
92,방범용,1,경상남도 거창군 거창읍 상림리 852,전방 70M,거창군 안전총괄과,,,,,,,,,,,,
93,방범용,1,경상남도 거창군 거창읍 중앙리 453-8,전방 70M,거창군 안전총괄과,,,,,,,,,,,,
94,방범용,1,경상남도 거창군 거창읍 상림리 865-4,전방 70M,거창군 안전총괄과,,,,,,,,,,,,
95,방범용,1,경상남도 거창군 거창읍 상림리 865-4,전방 70M,거창군 안전총괄과,,,,,,,,,,,,
96,방범용,1,경상남도 거창군 거창읍 상림리 865-4,전방 70M,거창군 안전총괄과,,,,,,,,,,,,
97,방범용,1,경상남도 거창군 가조면 동례리 1739-239,전방 70M,거창군 안전총괄과,,,,,,,,,,,,
98,방범용,1,경상남도 거창군 거창읍 대동리 943-22,전방 70M,거창군 안전총괄과,,,,,,,,,,,,
99,방범용,1,경상남도 거창군 거창읍 대동리 943-22,전방 70M,거창군 안전총괄과,,,,,,,,,,,,
100,방범용,1,경상남도 거창군 거창읍 대동리 943-22,전방 70M,거창군 안전총괄과,,,,,,,,,,,,
101,방범용,1,경상남도 거창군 거창읍 대동리 120-1,전방 70M,거창군 안전총괄과,,,,,,,,,,,,
102,방범용,1,경상남도 거창군 거창읍 대동리 120-1,전방 70M,거창군 안전총괄과,,,,,,,,,,,,
103,방범용,1,경상남도 거창군 거창읍 대동리 120-1,전방 70M,거창군 안전총괄과,,,,,,,,,,,,
104,방범용,1,경상남도 거창군 거창읍 대동리 120-1,전방 70M,거창군 안전총괄과,,,,,,,,,,,,
105,방범용,1,경상남도 거창군 거창읍 상림리 141-2,전방 70M,거창군 안전총괄과,,,,,,,,,,,,
106,방범용,1,경상남도 거창군 거창읍 상림리 141-2,전방 70M,거창군 안전총괄과,,,,,,,,,,,,
107,방범용,1,경상남도 거창군 거창읍 상림리 141-2,전방 70M,거창군 안전총괄과,,,,,,,,,,,,
108,방범용,1,경상남도 거창군 가조면 수월리 1311-4,전방 70M,거창군 안전총괄과,,,,,,,,,,,,
109,방범용,1,경상남도 거창군 북상면 월성리 산280-1,전방 70M,거창군 안전총괄과,,,,,,,,,,,,
110,방범용,1,경상남도 거창군 웅양면 노현리 1408,전방 70M,거창군 안전총괄과,,,,,,,,,,,,
111,방범용,1,경상남도 거창군 웅양면 노현리 1408,전방 70M,거창군 안전총괄과,,,,,,,,,,,,
112,방범용,1,경상남도 거창군 거창읍 상림리 609-1,전방 70M,거창군 안전총괄과,,,,,,,,,,,,
113,방범용,1,경상남도 거창군 위천면 장기리 487-1,전방 70M,거창군 안전총괄과,,,,,,,,,,,,
114,방범용,1,경상남도 거창군 위천면 장기리 487-1,전방 70M,거창군 안전총괄과,,,,,,,,,,,,
115,방범용,1,경상남도 거창군 거창읍 대동리 43-2,전방 70M,거창군 안전총괄과,,,,,,,,,,,,
116,방범용,1,경상남도 거창군 거창읍 대동리 43-2,전방 70M,거창군 안전총괄과,,,,,,,,,,,,
117,방범용,1,경상남도 거창군 거창읍 대동리 43-2,전방 70M,거창군 안전총괄과,,,,,,,,,,,,
118,방범용,1,경상남도 거창군 거창읍 김천리 264,전방 70M,거창군 안전총괄과,,,,,,,,,,,,
119,방범용,1,경상남도 거창군 거창읍 김천리 240-2,전방 70M,거창군 안전총괄과,,,,,,,,,,,,
120,방범용,1,경상남도 거창군 거창읍 김천리 240-2,전방 70M,거창군 안전총괄과,,,,,,,,,,,,
121,방범용,1,경상남도 거창군 주상면 거기리 산177-1,전방 70M,거창군 안전총괄과,,,,,,,,,,,,
122,방범용,1,경상남도 거창군 주상면 도평리 580,전방 70M,거창군 안전총괄과,,,,,,,,,,,,
123,방범용,1,경상남도 거창군 주상면 도평리 580,전방 70M,거창군 안전총괄과,,,,,,,,,,,,
124,방범용,1,경상남도 거창군 주상면 도평리 580,전방 70M,거창군 안전총괄과,,,,,,,,,,,,
125,방범용,1,경상남도 거창군 거창읍 상림리 382-3,전방 70M,거창군 안전총괄과,,,,,,,,,,,,
126,방범용,1,경상남도 거창군 거창읍 가지리 261-2,전방 70M,거창군 안전총괄과,,,,,,,,,,,,
127,방범용,1,경상남도 거창군 거창읍 가지리 261-2,전방 70M,거창군 안전총괄과,,,,,,,,,,,,
128,방범용,1,경상남도 거창군 거창읍 가지리 341-5,전방 70M,거창군 안전총괄과,,,,,,,,,,,,
129,방범용,1,경상남도 거창군 가조면 기리 1531-3,전방 70M,거창군 안전총괄과,,,,,,,,,,,,
130,방범용,1,경상남도 거창군 마리면 말흘리 1379-1,전방 70M,거창군 안전총괄과,,,,,,,,,,,,
131,방범용,1,경상남도 거창군 마리면 말흘리 1379-1,전방 70M,거창군 안전총괄과,,,,,,,,,,,,
132,방범용,1,경상남도 거창군 마리면 말흘리 1379-1,전방 70M,거창군 안전총괄과,,,,,,,,,,,,
133,방범용,1,경상남도 거창군 거창읍 대동리 104-9,전방 70M,거창군 안전총괄과,,,,,,,,,,,,
134,방범용,1,경상남도 거창군 거창읍 대동리 104-9,전방 70M,거창군 안전총괄과,,,,,,,,,,,,
135,방범용,1,경상남도 거창군 거창읍 가지리 255-5,전방 70M,거창군 안전총괄과,,,,,,,,,,,,
136,방범용,1,경상남도 거창군 거창읍 가지리 255-5,전방 70M,거창군 안전총괄과,,,,,,,,,,,,
137,방범용,1,경상남도 거창군 거창읍 상림리 773,전방 70M,거창군 안전총괄과,,,,,,,,,,,,
138,방범용,1,경상남도 거창군 거창읍 상림리 773,전방 70M,거창군 안전총괄과,,,,,,,,,,,,
139,방범용,1,경상남도 거창군 거창읍 상림리 378-2,전방 70M,거창군 안전총괄과,,,,,,,,,,,,
140,방범용,1,경상남도 거창군 거창읍 상림리 378-2,전방 70M,거창군 안전총괄과,,,,,,,,,,,,
141,방범용,1,경상남도 거창군 거창읍 상림리 378-2,전방 70M,거창군 안전총괄과,,,,,,,,,,,,
142,방범용,1,경상남도 거창군 거창읍 상림리 867-8,전방 70M,거창군 안전총괄과,,,,,,,,,,,,
143,방범용,1,경상남도 거창군 거창읍 상림리 867-8,전방 70M,거창군 안전총괄과,,,,,,,,,,,,
144,방범용,1,경상남도 거창군 거창읍 상림리 867-8,전방 70M,거창군 안전총괄과,,,,,,,,,,,,
145,방범용,1,경상남도 거창군 거창읍 대평리 946-1,전방 70M,거창군 안전총괄과,,,,,,,,,,,,
146,방범용,1,경상남도 거창군 거창읍 대평리 946-1,전방 70M,거창군 안전총괄과,,,,,,,,,,,,
147,방범용,1,경상남도 거창군 거창읍 대평리 946-1,전방 70M,거창군 안전총괄과,,,,,,,,,,,,
148,방범용,1,경상남도 거창군 거창읍 중앙리 152-2,전방 70M,거창군 안전총괄과,,,,,,,,,,,,
149,방범용,1,경상남도 거창군 거창읍 중앙리 152-2,전방 70M,거창군 안전총괄과,,,,,,,,,,,,
150,방범용,1,경상남도 거창군 거창읍 중앙리 152-2,전방 70M,거창군 안전총괄과,,,,,,,,,,,,
151,방범용,1,경상남도 거창군 거창읍 중앙리 152-2,전방 70M,거창군 안전총괄과,,,,,,,,,,,,
152,방범용,1,경상남도 거창군 거창읍 중앙리 152-2,전방 70M,거창군 안전총괄과,,,,,,,,,,,,
153,방범용,1,경상남도 거창군 남상면 무촌리 558-4,전방 70M,거창군 안전총괄과,,,,,,,,,,,,
154,방범용,1,경상남도 거창군 남상면 무촌리 558-4,전방 70M,거창군 안전총괄과,,,,,,,,,,,,
155,방범용,1,가조면 일부리 1303,전방 70M,거창군 안전총괄과,,,,,,,,,,,,
156,방범용,1,경상남도 거창군 거창읍 상림리 287,전방 70M,거창군 안전총괄과,,,,,,,,,,,,
157,방범용,1,경상남도 거창군 가조면 도리 1163-1,전방 70M,거창군 안전총괄과,,,,,,,,,,,,
158,방범용,1,경상남도 거창군 거창읍 대동리 737-2,전방 70M,거창군 안전총괄과,,,,,,,,,,,,
159,방범용,1,경상남도 거창군 거창읍 대동리 737-2,전방 70M,거창군 안전총괄과,,,,,,,,,,,,
160,방범용,1,경상남도 거창군 거창읍 대동리 737-2,전방 70M,거창군 안전총괄과,,,,,,,,,,,,
161,방범용,1,경상남도 거창군 거창읍 대동리 737-2,전방 70M,거창군 안전총괄과,,,,,,,,,,,,
162,방범용,1,경상남도 거창군 거창읍 대평리  1499-8,전방 70M,거창군 안전총괄과,,,,,,,,,,,,
163,방범용,1,경상남도 거창군 거창읍 대평리  1499-8,전방 70M,거창군 안전총괄과,,,,,,,,,,,,
164,방범용,1,경상남도 거창군 거창읍 대평리  1499-8,전방 70M,거창군 안전총괄과,,,,,,,,,,,,
165,방범용,1,경상남도 거창군 거창읍 송정리 78,전방 70M,거창군 안전총괄과,,,,,,,,,,,,
166,방범용,1,경상남도 거창군 거창읍 송정리 78,전방 70M,거창군 안전총괄과,,,,,,,,,,,,
167,방범용,1,경상남도 거창군 거창읍 송정리 78,전방 70M,거창군 안전총괄과,,,,,,,,,,,,
168,방범용,1,경상남도 거창군 거창읍 송정리 78,전방 70M,거창군 안전총괄과,,,,,,,,,,,,
169,방범용,1,경상남도 거창군 거창읍 대평리 1277,전방 70M,거창군 안전총괄과,,,,,,,,,,,,
170,방범용,1,경상남도 거창군 거창읍 대평리 1277,전방 70M,거창군 안전총괄과,,,,,,,,,,,,
171,방범용,1,경상남도 거창군 거창읍 대평리 1120,전방 70M,거창군 안전총괄과,,,,,,,,,,,,
172,방범용,1,경상남도 거창군 거창읍 대평리 1120,전방 70M,거창군 안전총괄과,,,,,,,,,,,,
173,방범용,1,경상남도 거창군 거창읍 상림리 27-3,전방 70M,거창군 안전총괄과,,,,,,,,,,,,
174,방범용,1,경상남도 거창군 거창읍 상림리 27-3,전방 70M,거창군 안전총괄과,,,,,,,,,,,,
175,방범용,1,경상남도 거창군 거창읍 상림리 39-19,전방 70M,거창군 안전총괄과,,,,,,,,,,,,
176,방범용,1,경상남도 거창군 거창읍 상림리 39-19,전방 70M,거창군 안전총괄과,,,,,,,,,,,,
177,방범용,1,경상남도 거창군 거창읍 중앙리 483-1,전방 70M,거창군 안전총괄과,,,,,,,,,,,,
178,방범용,1,경상남도 거창군 거창읍 상림리 869-1,전방 70M,거창군 안전총괄과,,,,,,,,,,,,
179,방범용,1,경상남도 거창군 거창읍 대동리 1000,전방 70M,거창군 안전총괄과,,,,,,,,,,,,
180,방범용,1,경상남도 거창군 거창읍 대동리 1000,전방 70M,거창군 안전총괄과,,,,,,,,,,,,
181,방범용,1,경상남도 거창군 거창읍 정장리 1138-1,전방 70M,거창군 안전총괄과,,,,,,,,,,,,
182,방범용,1,경상남도 거창군 거창읍 정장리 1138-1,전방 70M,거창군 안전총괄과,,,,,,,,,,,,
183,방범용,1,경상남도 거창군 거창읍 정장리 1138-1,전방 70M,거창군 안전총괄과,,,,,,,,,,,,
184,방범용,1,경상남도 거창군 거창읍 상림리 497-3,전방 70M,거창군 안전총괄과,,,,,,,,,,,,
185,방범용,1,경상남도 거창군 거창읍 상림리 188-1,전방 70M,거창군 안전총괄과,,,,,,,,,,,,
186,방범용,1,경상남도 거창군 거창읍 상림리 188-1,전방 70M,거창군 안전총괄과,,,,,,,,,,,,
187,방범용,1,경상남도 거창군 거창읍 대동리 690-4,전방 70M,거창군 안전총괄과,,,,,,,,,,,,
188,방범용,1,경상남도 거창군 거창읍 김천리 162-7,전방 70M,거창군 안전총괄과,,,,,,,,,,,,
189,방범용,1,경상남도 거창군 거창읍 대동리 6893,전방 70M,거창군 안전총괄과,,,,,,,,,,,,
190,방범용,1,경상남도 거창군 거창읍 대동리 6893,전방 70M,거창군 안전총괄과,,,,,,,,,,,,
191,방범용,1,경상남도 거창군 위천면 장기리 175-6,전방 70M,거창군 안전총괄과,,,,,,,,,,,,
192,방범용,1,경상남도 거창군 위천면 장기리 175-6,전방 70M,거창군 안전총괄과,,,,,,,,,,,,
193,방범용,1,경상남도 거창군 가조면 장기리 286-20,전방 70M,거창군 안전총괄과,,,,,,,,,,,,
194,방범용,1,경상남도 거창군 가조면 장기리 286-20,전방 70M,거창군 안전총괄과,,,,,,,,,,,,
195,방범용,1,경상남도 거창군 가조면 사병리 1255-13,전방 70M,거창군 안전총괄과,,,,,,,,,,,,
196,방범용,1,경상남도 거창군 주상면 완대리 639-5,전방 70M,거창군 안전총괄과,,,,,,,,,,,,
197,방범용,1,경상남도 거창군 주상면 완대리 639-5,전방 70M,거창군 안전총괄과,,,,,,,,,,,,
198,방범용,1,경상남도 거창군 남상면 월평리 2202,전방 70M,거창군 안전총괄과,,,,,,,,,,,,
199,방범용,1,경상남도 거창군 남상면 월평리 2202,전방 70M,거창군 안전총괄과,,,,,,,,,,,,
200,방범용,1,경상남도 거창군 웅양면 군암리 462-1,전방 70M,거창군 안전총괄과,,,,,,,,,,,,
201,방범용,1,경상남도 거창군 신원면 구사리 1007-3,전방 70M,거창군 안전총괄과,,,,,,,,,,,,
202,방범용,1,경상남도 거창군 신원면 구사리 1007-3,전방 70M,거창군 안전총괄과,,,,,,,,,,,,
203,방범용,1,경상남도 거창군 고제면 개명리 2208,전방 70M,거창군 안전총괄과,,,,,,,,,,,,
204,방범용,1,경상남도 거창군 거창읍 상림리 867-5,전방 70M,거창군 안전총괄과,,,,,,,,,,,,
205,방범용,1,경상남도 거창군 거창읍 대평리 441-6,전방 70M,거창군 안전총괄과,,,,,,,,,,,,
206,방범용,1,경상남도 거창군 거창읍 가지리 447-3,전방 70M,거창군 안전총괄과,,,,,,,,,,,,
207,방범용,1,경상남도 거창군 거창읍 대동리 27-13,전방 70M,거창군 안전총괄과,,,,,,,,,,,,
208,방범용,1,경상남도 거창군 거창읍 양평리 1239-127,전방 70M,거창군 안전총괄과,,,,,,,,,,,,
209,방범용,1,경상남도 거창군 거창읍 중앙리 2-7,전방 70M,거창군 안전총괄과,,,,,,,,,,,,
210,방범용,1,경상남도 거창군 거창읍 중앙리 2-7,전방 70M,거창군 안전총괄과,,,,,,,,,,,,
211,방범용,1,경상남도 거창군 거창읍 중앙리 2-7,전방 70M,거창군 안전총괄과,,,,,,,,,,,,
212,방범용,1,경상남도 거창군 거창읍 상림리 15-1,전방 70M,거창군 안전총괄과,,,,,,,,,,,,
213,방범용,1,경상남도 거창군 거창읍 김천리 99-1,전방 70M,거창군 안전총괄과,,,,,,,,,,,,
214,방범용,1,경상남도 거창군 거창읍 중앙리 441-4,전방 70M,거창군 안전총괄과,,,,,,,,,,,,
215,방범용,1,경상남도 거창군 거창읍 중앙리 441-4,전방 70M,거창군 안전총괄과,,,,,,,,,,,,
216,방범용,1,경상남도 거창군 거창읍 김천리 2-28,전방 70M,거창군 안전총괄과,,,,,,,,,,,,
217,방범용,1,경상남도 거창군 거창읍 대평리 1005-36,전방 70M,거창군 안전총괄과,,,,,,,,,,,,
218,방범용,1,경상남도 거창군 거창읍 중앙리 36-3,전방 70M,거창군 안전총괄과,,,,,,,,,,,,
219,방범용,1,경상남도 거창군 거창읍 상림리 773,전방 70M,거창군 안전총괄과,,,,,,,,,,,,
220,방범용,1,경상남도 거창군 거창읍 김천리 453-1,전방 70M,거창군 안전총괄과,,,,,,,,,,,,
221,방범용,1,경상남도 거창군 거창읍 대평리 950,전방 70M,거창군 안전총괄과,,,,,,,,,,,,
222,방범용,1,경상남도 거창군 거창읍 대평리 935-9,전방 70M,거창군 안전총괄과,,,,,,,,,,,,
223,방범용,1,경상남도 거창군 거창읍 대평리 1201-3,전방 70M,거창군 안전총괄과,,,,,,,,,,,,
224,방범용,1,경상남도 거창군 거창읍 대평리 1473-25,전방 70M,거창군 안전총괄과,,,,,,,,,,,,
225,방범용,1,경상남도 거창군 거창읍 중앙리 152-12,전방 70M,거창군 안전총괄과,,,,,,,,,,,,
226,방범용,1,경상남도 거창군 거창읍 중앙리 152-12,전방 70M,거창군 안전총괄과,,,,,,,,,,,,
227,방범용,1,경상남도 거창군 거창읍 중앙리 152-12,전방 70M,거창군 안전총괄과,,,,,,,,,,,,
228,방범용,1,경상남도 거창군 거창읍 중앙리 152-12,전방 70M,거창군 안전총괄과,,,,,,,,,,,,
229,방범용,1,경상남도 거창군 거창읍 중앙리 152-12,전방 70M,거창군 안전총괄과,,,,,,,,,,,,
230,방범용,1,경상남도 거창군 거창읍 중앙리 152-12,전방 70M,거창군 안전총괄과,,,,,,,,,,,,
231,방범용,1,거창군 거창읍 대동리 648 개봉식당 앞,전방 70M,거창군 안전총괄과,,,,,,,,,,,,
232,방범용,1,거창군 거창읍 대동리 155-2 개봉마을회관 ,전방 70M,거창군 안전총괄과,,,,,,,,,,,,
233,방범용,1,거창군 거창읍 대동리 999 하나로1차앞,전방 70M,거창군 안전총괄과,,,,,,,,,,,,
234,방범용,1,거창군 거창읍 대동리 999 하나로1차앞,전방 70M,거창군 안전총괄과,,,,,,,,,,,,
235,방범용,1,거창군 거창읍 대동리 106-4 하나로2차앞,전방 70M,거창군 안전총괄과,,,,,,,,,,,,
236,방범용,1,거창군 거창읍 대동리 106-4 하나로2차앞,전방 70M,거창군 안전총괄과,,,,,,,,,,,,
237,방범용,1,거창읍 대동리 10-38,전방 70M,거창군 안전총괄과,,,,,,,,,,,,
238,방범용,1,"거창군 거창읍 송정리 231 제5교(동,서)",전방 70M,거창군 안전총괄과,,,,,,,,,,,,
239,방범용,1,"거창군 거창읍 송정리 231 제5교(동,서)",전방 70M,거창군 안전총괄과,,,,,,,,,,,,
240,방범용,1,거창군 거창읍 중앙리 331-13 복지관골목,전방 70M,거창군 안전총괄과,,,,,,,,,,,,
241,방범용,1,거창군 거창읍 중앙리 331-13 복지관골목,전방 70M,거창군 안전총괄과,,,,,,,,,,,,
242,방범용,1,거창군 거창읍 대동리 68-5 송림아파트앞,전방 70M,거창군 안전총괄과,,,,,,,,,,,,
243,방범용,1,거창군 거창읍 대동리 68-5 송림아파트앞,전방 70M,거창군 안전총괄과,,,,,,,,,,,,
244,방범용,1,거창군 거창읍 대동리 1167 로즈하이츠빌,전방 70M,거창군 안전총괄과,,,,,,,,,,,,
245,방범용,1,거창군 거창읍 대평리 1264-3 어림지뒤 골목,전방 70M,거창군 안전총괄과,,,,,,,,,,,,
246,방범용,1,거창군 거창읍 대평리 1264-3 어림지뒤 골목,전방 70M,거창군 안전총괄과,,,,,,,,,,,,
247,방범용,1,거창군 거창읍 송정리 1055-1 구보건소앞,전방 70M,거창군 안전총괄과,,,,,,,,,,,,
248,방범용,1,거창군 거창읍 대평리 1512 코아루2차 정문앞,전방 70M,거창군 안전총괄과,,,,,,,,,,,,
249,방범용,1,거창군 거창읍 대평리 1517 코아루 외곽도로,전방 70M,거창군 안전총괄과,,,,,,,,,,,,
250,방범용,1,남하면 양항리 958,전방 70M,거창군 안전총괄과,,,,,,,,,,,,
251,방범용,1,남하면 양항리 958,전방 70M,거창군 안전총괄과,,,,,,,,,,,,
252,방범용,1,가조면 동례리 1725-2,전방 70M,거창군 안전총괄과,,,,,,,,,,,,
253,방범용,1,가조면 동례리 1725-2,전방 70M,거창군 안전총괄과,,,,,,,,,,,,
254,방범용,1,거창읍 대평리 1142,전방 70M,거창군 안전총괄과,,,,,,,,,,,,
255,방범용,1,거창읍 대평리 1142,전방 70M,거창군 안전총괄과,,,,,,,,,,,,
256,방범용,1,거창읍 대동리 127-4,전방 70M,거창군 안전총괄과,,,,,,,,,,,,
257,방범용,1,거창읍 대동리 127-4,전방 70M,거창군 안전총괄과,,,,,,,,,,,,
258,방범용,1,거창읍 대동리 127-4,전방 70M,거창군 안전총괄과,,,,,,,,,,,,
259,방범용,1,거창읍 대동리 127-4,전방 70M,거창군 안전총괄과,,,,,,,,,,,,
260,방범용,1,거창읍 거열로 165,전방 70M,거창군 안전총괄과,,,,,,,,,,,,
261,방범용,1,거창읍 거열로 165,전방 70M,거창군 안전총괄과,,,,,,,,,,,,
262,방범용,1,거창읍 상림리 869-5,전방 70M,거창군 안전총괄과,,,,,,,,,,,,
263,방범용,1,거창읍 상림리 869-6,전방 70M,거창군 안전총괄과,,,,,,,,,,,,
264,방범용,1,거창읍 김천리 402-1,전방 70M,거창군 안전총괄과,,,,,,,,,,,,
265,방범용,1,거창읍 김천리 402-1,전방 70M,거창군 안전총괄과,,,,,,,,,,,,
266,방범용,1,거창읍 상림리 869-3,전방 70M,거창군 안전총괄과,,,,,,,,,,,,
267,방범용,1,거창읍 상림리 869-3,전방 70M,거창군 안전총괄과,,,,,,,,,,,,
268,방범용,1,거창읍 상림리 869-3,전방 70M,거창군 안전총괄과,,,,,,,,,,,,
269,방범용,1,거창읍 상림리 76-4,전방 70M,거창군 안전총괄과,,,,,,,,,,,,
270,방범용,1,거창읍 상림리 76-4,전방 70M,거창군 안전총괄과,,,,,,,,,,,,
271,방범용,1,거창읍 김천리 260-4,전방 70M,거창군 안전총괄과,,,,,,,,,,,,
272,방범용,1,거창읍 김천리 260-4,전방 70M,거창군 안전총괄과,,,,,,,,,,,,
273,방범용,1,거창읍 김천리 260-4,전방 70M,거창군 안전총괄과,,,,,,,,,,,,
274,방범용,1,경상남도 거창군 거창읍 중앙리 36-3,전방 70M,거창군 안전총괄과,,,,,,,,,,,,
275,방범용,1,경상남도 거창군 거창읍 중앙리 36-3,전방 70M,거창군 안전총괄과,,,,,,,,,,,,
276,방범용,1,거창읍 거열로 165,전방 70M,거창군 안전총괄과,,,,,,,,,,,,
277,방범용,1,거창읍 대동리 557-5,전방 70M,거창군 안전총괄과,,,,,,,,,,,,
278,방범용,1,경상남도 거창군 가조면 마상리 312-1,전방 70M,거창군 안전총괄과,,,,,,,,,,,,
279,방범용,1,거창읍 공수들1길 65,전방 70M,거창군 안전총괄과,,,,,,,,,,,,
280,방범용,1,거창읍 공수들1길 65,전방 70M,거창군 안전총괄과,,,,,,,,,,,,
281,방범용,1,거창읍 하동3길 28,전방 70M,거창군 안전총괄과,,,,,,,,,,,,
282,방범용,1,거창읍 하동3길 28,전방 70M,거창군 안전총괄과,,,,,,,,,,,,
283,방범용,1,거창읍 상동7길 64,전방 70M,거창군 안전총괄과,,,,,,,,,,,,
284,방범용,1,거창읍 상동7길 64,전방 70M,거창군 안전총괄과,,,,,,,,,,,,
285,방범용,1,거창읍 강변로 131,전방 70M,거창군 안전총괄과,,,,,,,,,,,,
286,방범용,1,거창읍 강변로 131,전방 70M,거창군 안전총괄과,,,,,,,,,,,,
287,방범용,1,거창읍 양평리 1239-122,전방 70M,거창군 안전총괄과,,,,,,,,,,,,
288,방범용,1,거창읍 양평리 1239-122,전방 70M,거창군 안전총괄과,,,,,,,,,,,,
289,방범용,1,거창읍 대동리 13-3,전방 70M,거창군 안전총괄과,,,,,,,,,,,,
290,방범용,1,거창읍 대동리 13-3,전방 70M,거창군 안전총괄과,,,,,,,,,,,,
291,방범용,1,거창읍 가지리 1719,전방 70M,거창군 안전총괄과,,,,,,,,,,,,
292,방범용,1,가조면 마상리 323-4,전방 70M,거창군 안전총괄과,,,,,,,,,,,,
293,방범용,1,가조면 마상리 323-4,전방 70M,거창군 안전총괄과,,,,,,,,,,,,
294,방범용,1,거창읍 공수들8길 54,전방 70M,거창군 안전총괄과,,,,,,,,,,,,
295,방범용,1,거창읍 공수들8길 54,전방 70M,거창군 안전총괄과,,,,,,,,,,,,
296,방범용,1,거창읍 창동로 101,전방 70M,거창군 안전총괄과,,,,,,,,,,,,
297,방범용,1,거창읍 대동리 943-20,전방 70M,거창군 안전총괄과,,,,,,,,,,,,
298,방범용,1,거창읍 대동리 943-20,전방 70M,거창군 안전총괄과,,,,,,,,,,,,
299,방범용,1,거창읍 대동리 838-2,전방 70M,거창군 안전총괄과,,,,,,,,,,,,
300,방범용,1,거창읍 김천리 481-5,전방 70M,거창군 안전총괄과,,,,,,,,,,,,
301,방범용,1,가북면 용산리 338-2,전방 20M,거창군 안전총괄과,,,,,,,,,,,,
302,방범용,1,가북면 용산리 338-2,전방 20M,거창군 안전총괄과,,,,,,,,,,,,
303,방범용,1,거창읍 중앙로1길70,전방 20M,거창군 안전총괄과,,,,,,,,,,,,
304,방범용,1,거창읍 중앙로1길70,전방 20M,거창군 안전총괄과,,,,,,,,,,,,
305,방범용,1,거창읍 대평2길46,전방 20M,거창군 안전총괄과,,,,,,,,,,,,
306,방범용,1,거창읍 대평2길46,전방 20M,거창군 안전총괄과,,,,,,,,,,,,
307,방범용,1,거창읍 대평2길46,전방 20M,거창군 안전총괄과,,,,,,,,,,,,
308,방범용,1,거창읍 대평2길46,전방 20M,거창군 안전총괄과,,,,,,,,,,,,
309,방범용,1,마리면 송림길52,전방 20M,거창군 안전총괄과,,,,,,,,,,,,
310,방범용,1,마리면 송림길52,전방 20M,거창군 안전총괄과,,,,,,,,,,,,
311,방범용,1,거창읍 대평리 899,전방 20M,거창군 안전총괄과,,,,,,,,,,,,
312,방범용,1,거창읍 대평리 899,전방 20M,거창군 안전총괄과,,,,,,,,,,,,
313,방범용,1,거창읍 대평리 745-2,전방 20M,거창군 안전총괄과,,,,,,,,,,,,
314,방범용,1,거창읍 중앙리 483-37,전방 20M,거창군 안전총괄과,,,,,,,,,,,,
315,방범용,1,거창읍 중앙리 483-37,전방 20M,거창군 안전총괄과,,,,,,,,,,,,
316,방범용,1,거창읍 상림리 30-7,전방 20M,거창군 안전총괄과,,,,,,,,,,,,
317,방범용,1,거창읍 송정리 1119-1,전방 20M,거창군 안전총괄과,,,,,,,,,,,,
318,방범용,1,거창읍 송정리 1119-1,전방 20M,거창군 안전총괄과,,,,,,,,,,,,
319,방범용,1,거창읍 대평리 1017-1,전방 20M,거창군 안전총괄과,,,,,,,,,,,,
320,방범용,1,거창읍 상림리 610,전방 20M,거창군 안전총괄과,,,,,,,,,,,,
321,방범용,1,거창읍 상림리 610,전방 20M,거창군 안전총괄과,,,,,,,,,,,,
322,방범용,1,거창읍 정장리 65-2,전방 20M,거창군 안전총괄과,,,,,,,,,,,,
323,방범용,1,거창읍 강변로 61,전방 20M,거창군 안전총괄과,,,,,,,,,,,,
324,방범용,1,거창읍 강변로 61,전방 20M,거창군 안전총괄과,,,,,,,,,,,,
325,방범용,1,경상남도 거창군 거창읍 중앙리 483-1,전방 20M,거창군 안전총괄과,,,,,,,,,,,,
326,방범용,1,거창읍 정장리 956-43,전방 20M,거창군 안전총괄과,,,,,,,,,,,,
327,방범용,1,거창읍 대동리 95-16,전방 20M,거창군 안전총괄과,,,,,,,,,,,,
328,방범용,1,거창읍 대동리 95-16,전방 20M,거창군 안전총괄과,,,,,,,,,,,,
329,방범용,1,가조면 일부리 1303,전방 20M,거창군 안전총괄과,,,,,,,,,,,,
330,방범용,1,가조면 일부리 1303,전방 20M,거창군 안전총괄과,,,,,,,,,,,,
331,방범용,1,거창읍 대동리 10-38,전방 20M,거창군 안전총괄과,,,,,,,,,,,,
332,방범용,1,거창읍 중앙리 242-4,전방 20M,거창군 안전총괄과,,,,,,,,,,,,
333,방범용,1,거창읍 중앙리 242-4,전방 20M,거창군 안전총괄과,,,,,,,,,,,,
334,방범용,1,거창읍 중앙리 242-4,전방 70M,거창군 안전총괄과,,,,,,,,,,,,
335,방범용,1,거창읍 상림리 796-3,전방 70M,거창군 안전총괄과,,,,,,,,,,,,
336,방범용,1,거창읍 대평리 1005-65,전방 70M,거창군 안전총괄과,,,,,,,,,,,,
337,방범용,1,거창읍 대평리 1005-65,전방 70M,거창군 안전총괄과,,,,,,,,,,,,
338,방범용,1,거창읍 대동리 55-3,전방 70M,거창군 안전총괄과,,,,,,,,,,,,
339,방범용,1,거창읍 대동리 55-3,전방 70M,거창군 안전총괄과,,,,,,,,,,,,
340,방범용,1,거창읍 대동리 989-2,전방 70M,거창군 안전총괄과,,,,,,,,,,,,
341,방범용,1,거창읍 대동리 989-2,전방 70M,거창군 안전총괄과,,,,,,,,,,,,
342,방범용,1,거창읍 가지리 696-26,전방 70M,거창군 안전총괄과,,,,,,,,,,,,
343,방범용,1,거창읍 가지리 696-26,전방 70M,거창군 안전총괄과,,,,,,,,,,,,
344,방범용,1,거창읍 대평리 1496-9,전방 70M,거창군 안전총괄과,,,,,,,,,,,,
345,방범용,1,거창읍 대평리 1496-9,전방 70M,거창군 안전총괄과,,,,,,,,,,,,
346,방범용,1,거창읍 김천리 산8-33,전방 70M,거창군 안전총괄과,,,,,,,,,,,,
347,방범용,1,거창읍 김천리 산8-33,전방 70M,거창군 안전총괄과,,,,,,,,,,,,
348,방범용,1,거창읍 상림리 783-6,전방 70M,거창군 안전총괄과,,,,,,,,,,,,
349,방범용,1,거창읍 상림리 783-6,전방 70M,거창군 안전총괄과,,,,,,,,,,,,
350,방범용,1,거창읍 상림리 243-3,전방 70M,거창군 안전총괄과,,,,,,,,,,,,
351,방범용,1,거창읍 상림리 243-3,전방 70M,거창군 안전총괄과,,,,,,,,,,,,
352,방범용,1,거창읍 대동리 61,전방 70M,거창군 안전총괄과,,,,,,,,,,,,
353,방범용,1,거창읍 대동리 61,전방 70M,거창군 안전총괄과,,,,,,,,,,,,
354,방범용,1,위천면 황산리 583-9,전방 70M,거창군 안전총괄과,,,,,,,,,,,,
355,방범용,1,위천면 황산리 583-9,전방 70M,거창군 안전총괄과,,,,,,,,,,,,
356,방범용,1,거창읍 대동리 985-10,전방 70M,거창군 안전총괄과,,,,,,,,,,,,
357,방범용,1,거창읍 대동리 985-10,전방 70M,거창군 안전총괄과,,,,,,,,,,,,
358,방범용,1,거창읍 대동리 985-10,전방 70M,거창군 안전총괄과,,,,,,,,,,,,
359,방범용,1,거창읍 대동리 851-5,전방 70M,거창군 안전총괄과,,,,,,,,,,,,
360,방범용,1,거창읍 대동리 851-5,전방 70M,거창군 안전총괄과,,,,,,,,,,,,
361,방범용,1,거창읍 상림리 85-3,전방 70M,거창군 안전총괄과,,,,,,,,,,,,
362,방범용,1,거창읍 상림리 85-3,전방 70M,거창군 안전총괄과,,,,,,,,,,,,
363,방범용,1,거창읍 상림리 85-3,전방 70M,거창군 안전총괄과,,,,,,,,,,,,
364,방범용,1,거창읍 상림리 35-5,전방 70M,거창군 안전총괄과,,,,,,,,,,,,
365,방범용,1,거창읍 상림리 35-5,전방 70M,거창군 안전총괄과,,,,,,,,,,,,
366,방범용,1,경상남도 거창군 거창읍 대동리 43-2,전방 70M,거창군 안전총괄과,,,,,,,,,,,,
367,방범용,1,거창읍 대동리 707-3,전방 70M,거창군 안전총괄과,,,,,,,,,,,,
368,방범용,1,거창읍 대동리 707-3,전방 70M,거창군 안전총괄과,,,,,,,,,,,,
369,방범용,1,경상남도 거창군 거창읍 대동리 869-2,전방 70M,거창군 안전총괄과,,,,,,,,,,,,
370,방범용,1,거창읍 중앙리 283-8,전방 70M,거창군 안전총괄과,,,,,,,,,,,,
371,방범용,1,거창읍 중앙리 283-8,전방 70M,거창군 안전총괄과,,,,,,,,,,,,
372,방범용,1,거창읍 김천리 105-15,전방 70M,거창군 안전총괄과,,,,,,,,,,,,
373,방범용,1,거창읍 김천리 105-15,전방 70M,거창군 안전총괄과,,,,,,,,,,,,
374,방범용,1,마리면 율리 816,전방 70M,거창군 안전총괄과,,,,,,,,,,,,
375,방범용,1,마리면 율리 816,전방 70M,거창군 안전총괄과,,,,,,,,,,,,
376,방범용,1,거창읍 상림리 811-4,전방 70M,거창군 안전총괄과,,,,,,,,,,,,
377,방범용,1,가조면 수월리 447-1,전방 70M,거창군 안전총괄과,,,,,,,,,,,,
378,방범용,1,가조면 수월리 447-1,전방 70M,거창군 안전총괄과,,,,,,,,,,,,
379,방범용,1,가조면 수월리 447-1,전방 70M,거창군 안전총괄과,,,,,,,,,,,,
380,방범용,1,가조면 수월리 447-1,전방 70M,거창군 안전총괄과,,,,,,,,,,,,
381,방범용,1,거창읍 대평리 880-2,전방 70M,거창군 안전총괄과,,,,,,,,,,,,
382,방범용,1,거창읍 대평리 808-5,전방 70M,거창군 안전총괄과,,,,,,,,,,,,
383,방범용,1,거창읍 송정리 153-20,전방 70M,거창군 안전총괄과,,,,,,,,,,,,
384,방범용,1,거창읍 송정리 153-20,전방 70M,거창군 안전총괄과,,,,,,,,,,,,
385,방범용,1,남상면 대산리 300-1,전방 70M,거창군 안전총괄과,,,,,,,,,,,,
386,방범용,1,거창읍 가지리 324-12,전방 70M,거창군 안전총괄과,,,,,,,,,,,,
387,방범용,1,거창읍 가지리 324-12,전방 70M,거창군 안전총괄과,,,,,,,,,,,,
388,방범용,1,거창읍 가지리 324-12,전방 70M,거창군 안전총괄과,,,,,,,,,,,,
389,방범용,1,거창읍 송정리 940-16,전방 70M,거창군 안전총괄과,,,,,,,,,,,,
390,방범용,1,거창읍 송정리 940-16,전방 70M,거창군 안전총괄과,,,,,,,,,,,,
391,방범용,1,거창읍 대평리 1452-14,전방 70M,거창군 안전총괄과,,,,,,,,,,,,
392,방범용,1,거창읍 대평리 1452-14,전방 70M,거창군 안전총괄과,,,,,,,,,,,,
393,방범용,1,거창읍 대평리 1452-14,전방 70M,거창군 안전총괄과,,,,,,,,,,,,
394,방범용,1,신원면 양지리 296-2,전방 70M,거창군 안전총괄과,,,,,,,,,,,,
395,방범용,1,남상면 월평리 산176-21,전방 70M,거창군 안전총괄과,,,,,,,,,,,,
396,방범용,1,남상면 월평리 산176-21,전방 70M,거창군 안전총괄과,,,,,,,,,,,,
397,방범용,1,남상면 월평리 산176-21,전방 70M,거창군 안전총괄과,,,,,,,,,,,,
398,방범용,1,거창읍 학리 1047-136,전방 70M,거창군 안전총괄과,,,,,,,,,,,,
399,방범용,1,거창읍 학리 1047-136,전방 70M,거창군 안전총괄과,,,,,,,,,,,,
400,방범용,1,거창읍 대평리 1296-2,전방 70M,거창군 안전총괄과,,,,,,,,,,,,
401,방범용,1,거창읍 대평리 1296-2,전방 70M,거창군 안전총괄과,,,,,,,,,,,,
402,방범용,1,거창읍 대평리 1296-2,전방 70M,거창군 안전총괄과,,,,,,,,,,,,
403,방범용,1,웅양면 한기리 920-2,전방 70M,거창군 안전총괄과,,,,,,,,,,,,
404,방범용,1,웅양면 한기리 920-2,전방 70M,거창군 안전총괄과,,,,,,,,,,,,
405,방범용,1,거창읍 송정리 1107-11,전방 70M,거창군 안전총괄과,,,,,,,,,,,,
406,방범용,1,거창읍 송정리 1107-11,전방 70M,거창군 안전총괄과,,,,,,,,,,,,
407,방범용,1,거창읍 상림리 805,전방 70M,거창군 안전총괄과,,,,,,,,,,,,
408,방범용,1,거창읍 상림리 805,전방 70M,거창군 안전총괄과,,,,,,,,,,,,
409,방범용,1,거창읍 송정리 1137-10,전방 70M,거창군 안전총괄과,,,,,,,,,,,,
410,방범용,1,거창읍 송정리 1137-10,전방 70M,거창군 안전총괄과,,,,,,,,,,,,
411,방범용,1,거창읍 송정리 1137-10,전방 70M,거창군 안전총괄과,,,,,,,,,,,,
412,방범용,1,거창읍 상림리 278-2,전방 70M,거창군 안전총괄과,,,,,,,,,,,,
413,방범용,1,거창읍 상림리 278-2,전방 70M,거창군 안전총괄과,,,,,,,,,,,,
414,차번인식,1,경상남도 거창군 마리면 고학리 1371,전방 20M,거창군 안전총괄과,,,,,,,,,,,,
415,차번인식,1,경상남도 거창군 고제면 농산리 314-1,전방 20M,거창군 안전총괄과,,,,,,,,,,,,
416,차번인식,1,경상남도 거창군 남하면 대야리 778-2,전방 20M,거창군 안전총괄과,,,,,,,,,,,,
417,차번인식,1,경상남도 거창군 남상면 진목리 301-4,전방 20M,거창군 안전총괄과,,,,,,,,,,,,
418,차번인식,1,경상남도 거창군 신원면 양지리 370-2,전방 20M,거창군 안전총괄과,,,,,,,,,,,,
419,차번인식,2,경상남도 거창군 가조면 도리 985-8,전방 20M,거창군 안전총괄과,,,,,,,,,,,,
420,차번인식,1,경상남도 거창군 웅양면 산포리 2014,전방 20M,거창군 안전총괄과,,,,,,,,,,,,
421,차번인식,2,경상남도 거창군 가조면 일부리 399-7,전방 20M,거창군 안전총괄과,,,,,,,,,,,,
422,차번인식,1,경상남도 거창군 가조면 일부리 398,전방 20M,거창군 안전총괄과,,,,,,,,,,,,
423,차번인식,2,경상남도 거창군 북상면 월성리 1719-2,전방 20M,거창군 안전총괄과,,,,,,,,,,,,
424,차번인식,2,경상남도 거창군 신원면 와룡리 산135-1,전방 20M,거창군 안전총괄과,,,,,,,,,,,,
425,차번인식,2,경상남도 거창군 마리면 대동리 1709,전방 20M,거창군 안전총괄과,,,,,,,,,,,,
426,차번인식,2,경상남도 거창군 남하면 지산리 338-16,전방 20M,거창군 안전총괄과,,,,,,,,,,,,
427,차번인식,1,경상남도 거창군 거창읍 서변리 14,전방 20M,거창군 안전총괄과,,,,,,,,,,,,
428,차번인식,2,경상남도 거창군 거창읍 김천리 216-15,전방 20M,거창군 안전총괄과,,,,,,,,,,,,
429,차번인식,1,경상남도 거창군 남하면 둔마리 1296-1,전방 20M,거창군 안전총괄과,,,,,,,,,,,,
430,차번인식,1,경상남도 거창군 거창읍 송정리 924 ,전방 20M,거창군 안전총괄과,,,,,,,,,,,,
431,차번인식,3,경상남도 거창군 마리면 고학리 100-3,전방 20M,거창군 안전총괄과,,,,,,,,,,,,
432,차번인식,2,경상남도 거창군 거창읍 대평리 807-6,전방 20M,거창군 안전총괄과,,,,,,,,,,,,
433,차번인식,2,경상남도 거창군 거창읍 대평리 805-1,전방 20M,거창군 안전총괄과,,,,,,,,,,,,
434,차번인식,2,경상남도 거창군 웅양면 한기리 106-1,전방 20M,거창군 안전총괄과,,,,,,,,,,,,
435,차번인식,2,경상남도 거창군 고제면 봉계리 1303-2,전방 20M,거창군 안전총괄과,,,,,,,,,,,,
436,차번인식,1,경상남도 거창군 가북면 해평리 1465-3,전방 20M,거창군 안전총괄과,,,,,,,,,,,,
437,차번인식,2,경상남도 거창군 신원면 덕산리 841-7,전방 20M,거창군 안전총괄과,,,,,,,,,,,,
438,차번인식,1,경상남도 거창군 고제면 개명리 2270,전방 20M,거창군 안전총괄과,,,,,,,,,,,,
439,차번인식,1,경상남도 거창군 북상면 갈계리 1503-5,전방 20M,거창군 안전총괄과,,,,,,,,,,,,
440,차번인식,1,경상남도 거창군 북상면 소정리 103-1,전방 20M,거창군 안전총괄과,,,,,,,,,,,,
441,차번인식,3,경상남도 거창군 거창읍 송정리 63,전방 20M,거창군 안전총괄과,,,,,,,,,,,,
442,차번인식,2,경상남도 거창군 마리면 말흘리 256,전방 20M,거창군 안전총괄과,,,,,,,,,,,,
443,차번인식,5,경상남도 거창군 거창읍 대평리 554-1,전방 20M,거창군 안전총괄과,,,,,,,,,,,,
444,차번인식,1,경상남도 거창군 거창읍 상림리 141-2,전방 20M,거창군 안전총괄과,,,,,,,,,,,,
445,차번인식,1,경상남도 거창군 거창읍 가지리 산121-15,전방 20M,거창군 안전총괄과,,,,,,,,,,,,
446,차번인식,1,경상남도 거창군 주상면 거기리 1031-2,전방 20M,거창군 안전총괄과,,,,,,,,,,,,
447,차번인식,1,경상남도 거창군 거창읍 대동리 862-4,전방 20M,거창군 안전총괄과,,,,,,,,,,,,
448,차번인식,1,경상남도 거창군 거창읍 대동리 862-4,전방 20M,거창군 안전총괄과,,,,,,,,,,,,
449,차번인식,1,경상남도 거창군 거창읍 대동리 862-4,전방 20M,거창군 안전총괄과,,,,,,,,,,,,
450,차번인식,2,경상남도 거창군 거창읍 양평리 1239-48,전방 20M,거창군 안전총괄과,,,,,,,,,,,,
451,차번인식,1,경상남도 거창군 거창읍 대동리 697-5,전방 20M,거창군 안전총괄과,,,,,,,,,,,,
452,차번인식,1,경상남도 거창군 거창읍 대동리 697-5,전방 20M,거창군 안전총괄과,,,,,,,,,,,,
453,차번인식,1,경상남도 거창군 거창읍 대동리 697-5,전방 20M,거창군 안전총괄과,,,,,,,,,,,,
454,차번인식,1,경상남도 거창군 거창읍 대동리 697-5,전방 20M,거창군 안전총괄과,,,,,,,,,,,,
455,차번인식,1,경상남도 거창군 거창읍 대동리 102-11,전방 20M,거창군 안전총괄과,,,,,,,,,,,,
456,차번인식,1,경상남도 거창군 거창읍 김천리 305-26,전방 20M,거창군 안전총괄과,,,,,,,,,,,,
457,차번인식,2,경상남도 거창군 거창읍 가지리 461-3,전방 20M,거창군 안전총괄과,,,,,,,,,,,,
458,차번인식,1,경상남도 거창군 남하면 둔마리 1224,전방 20M,거창군 안전총괄과,,,,,,,,,,,,
459,차번인식,1,경상남도 거창군 남상면 임불리 산 271-5,전방 20M,거창군 안전총괄과,,,,,,,,,,,,
460,차번인식,1,경상남도 거창군 남상면 대산리 300-1,전방 20M,거창군 안전총괄과,,,,,,,,,,,,
461,차번인식,1,경상남도 거창군 남하면 무릉리 966-1,전방 20M,거창군 안전총괄과,,,,,,,,,,,,
462,차번인식,1,경상남도 거창군 마리면 율리 863-4,전방 20M,거창군 안전총괄과,,,,,,,,,,,,
463,차번인식,1,신원면 양지리 700-6,전방 20M,거창군 안전총괄과,,,,,,,,,,,,
464,차번인식,1,남하면 산포2길 6,전방 20M,거창군 안전총괄과,,,,,,,,,,,,
465,차번인식,1,가조면 일부리 951-2,전방 20M,거창군 안전총괄과,,,,,,,,,,,,
466,차번인식,1,가조면 사병리 1390,전방 20M,거창군 안전총괄과,,,,,,,,,,,,
467,차번인식,1,고제면 궁항리 1138-7,전방 20M,거창군 안전총괄과,,,,,,,,,,,,
468,차번인식,1,주상면 도평리 722,전방 20M,거창군 안전총괄과,,,,,,,,,,,,
469,차번인식,1,위천면 모동길 10,전방 20M,거창군 안전총괄과,,,,,,,,,,,,
470,차번인식,1,북상면 월성리 987-2,전방 20M,거창군 안전총괄과,,,,,,,,,,,,
471,차번인식,1,남상면 둔동리 산32-5,전방 20M,거창군 안전총괄과,,,,,,,,,,,,
472,차번인식,1,마리면 고학리 100-2,전방 20M,거창군 안전총괄과,,,,,,,,,,,,
473,차번인식,1,거창읍 송정리 63,전방 20M,거창군 안전총괄과,,,,,,,,,,,,
474,차번인식,1,거창읍 거열로 30,전방 20M,거창군 안전총괄과,,,,,,,,,,,,
475,어린이보호,1,경상남도 거창군 가조면 마상리 336-19,전방 70M,거창군 안전총괄과,,,,,,,,,,,,
476,어린이보호,1,경상남도 거창군 가조면 마상리 336-19,전방 70M,거창군 안전총괄과,,,,,,,,,,,,
477,어린이보호,1,경상남도 거창군 가조면 마상리 336-19,전방 70M,거창군 안전총괄과,,,,,,,,,,,,
478,어린이보호,1,경상남도 거창군 거창읍 가지리 439-2,전방 70M,거창군 안전총괄과,,,,,,,,,,,,
479,어린이보호,1,경상남도 거창군 거창읍 상림리 59-11,전방 70M,거창군 안전총괄과,,,,,,,,,,,,
480,어린이보호,1,경상남도 거창군 거창읍 상림리 59-11,전방 70M,거창군 안전총괄과,,,,,,,,,,,,
481,어린이보호,1,경상남도 거창군 거창읍 상림리 42-13,전방 70M,거창군 안전총괄과,,,,,,,,,,,,
482,어린이보호,1,경상남도 거창군 거창읍 상림리 42-13,전방 70M,거창군 안전총괄과,,,,,,,,,,,,
483,어린이보호,1,경상남도 거창군 거창읍 상림리 42-13,전방 70M,거창군 안전총괄과,,,,,,,,,,,,
484,어린이보호,1,경상남도 거창군 거창읍 중앙리 320-2,전방 70M,거창군 안전총괄과,,,,,,,,,,,,
485,어린이보호,1,경상남도 거창군 거창읍 중앙리 320-2,전방 70M,거창군 안전총괄과,,,,,,,,,,,,
486,어린이보호,1,경상남도 거창군 거창읍 중앙리 388-19,전방 70M,거창군 안전총괄과,,,,,,,,,,,,
487,어린이보호,1,경상남도 거창군 거창읍 상림리 794,전방 70M,거창군 안전총괄과,,,,,,,,,,,,
488,어린이보호,1,경상남도 거창군 거창읍 상림리 794,전방 70M,거창군 안전총괄과,,,,,,,,,,,,
489,어린이보호,1,경상남도 거창군 거창읍 서변리 548-1,전방 70M,거창군 안전총괄과,,,,,,,,,,,,
490,어린이보호,1,경상남도 거창군 거창읍 서변리 548-1,전방 70M,거창군 안전총괄과,,,,,,,,,,,,
491,어린이보호,1,경상남도 거창군 위천면 장기리 421-2,전방 70M,거창군 안전총괄과,,,,,,,,,,,,
492,어린이보호,1,경상남도 거창군 위천면 장기리 421-2,전방 70M,거창군 안전총괄과,,,,,,,,,,,,
493,어린이보호,1,경상남도 거창군 위천면 장기리 421-2,전방 70M,거창군 안전총괄과,,,,,,,,,,,,
494,어린이보호,1,경상남도 거창군 거창읍 김천리 444,전방 70M,거창군 안전총괄과,,,,,,,,,,,,
495,어린이보호,1,경상남도 거창군 거창읍 김천리 444,전방 70M,거창군 안전총괄과,,,,,,,,,,,,
496,어린이보호,1,경상남도 거창군 거창읍 김천리 444,전방 70M,거창군 안전총괄과,,,,,,,,,,,,
497,어린이보호,1,경상남도 거창군 거창읍 김천리 444,전방 70M,거창군 안전총괄과,,,,,,,,,,,,
498,어린이보호,1,경상남도 거창군 거창읍 대동리 102-9,전방 70M,거창군 안전총괄과,,,,,,,,,,,,
499,어린이보호,1,경상남도 거창군 거창읍 대동리 102-9,전방 70M,거창군 안전총괄과,,,,,,,,,,,,
500,어린이보호,1,경상남도 거창군 거창읍 대동리 946-12,전방 70M,거창군 안전총괄과,,,,,,,,,,,,
501,어린이보호,1,경상남도 거창군 거창읍 대동리 946-12,전방 70M,거창군 안전총괄과,,,,,,,,,,,,
502,어린이보호,1,경상남도 거창군 거창읍 가지리 1719-9,전방 70M,거창군 안전총괄과,,,,,,,,,,,,
503,어린이보호,1,경상남도 거창군 거창읍 가지리 1719-9,전방 70M,거창군 안전총괄과,,,,,,,,,,,,
504,어린이보호,1,경상남도 거창군 거창읍 가지리 1719-9,전방 70M,거창군 안전총괄과,,,,,,,,,,,,
505,어린이보호,1,경상남도 거창군 웅양면 노현리 266-2,전방 70M,거창군 안전총괄과,,,,,,,,,,,,
506,어린이보호,1,경상남도 거창군 고제면 궁항리 905-18,전방 70M,거창군 안전총괄과,,,,,,,,,,,,
507,어린이보호,1,경상남도 거창군 북상면 갈계리 1445-6,전방 70M,거창군 안전총괄과,,,,,,,,,,,,
508,어린이보호,1,경상남도 거창군 마리면 말흘리 1380-2,전방 70M,거창군 안전총괄과,,,,,,,,,,,,
509,어린이보호,1,경상남도 거창군 남상면 무촌리 628-1,전방 70M,거창군 안전총괄과,,,,,,,,,,,,
510,어린이보호,1,경상남도 거창군 남하면 무릉리 1354-1,전방 70M,거창군 안전총괄과,,,,,,,,,,,,
511,어린이보호,1,경상남도 거창군 가북면 우혜리 산237-37,전방 70M,거창군 안전총괄과,,,,,,,,,,,,
512,어린이보호,1,경상남도 거창군 거창읍 가지리 591-4,전방 70M,거창군 안전총괄과,,,,,,,,,,,,
513,어린이보호,1,경상남도 거창군 거창읍 상림리 849-3,전방 70M,거창군 안전총괄과,,,,,,,,,,,,
514,어린이보호,1,경상남도 거창군 거창읍 상림리 849-3,전방 70M,거창군 안전총괄과,,,,,,,,,,,,
515,어린이보호,1,경상남도 거창군 거창읍 송정리 470-3,전방 70M,거창군 안전총괄과,,,,,,,,,,,,
516,어린이보호,1,경상남도 거창군 거창읍 대동리 945-4,전방 70M,거창군 안전총괄과,,,,,,,,,,,,
517,어린이보호,1,경상남도 거창군 거창읍 대동리 945-4,전방 70M,거창군 안전총괄과,,,,,,,,,,,,
518,어린이보호,1,경상남도 거창군 거창읍 대동리 945-4,전방 70M,거창군 안전총괄과,,,,,,,,,,,,
519,어린이보호,1,경상남도 거창군 거창읍 대동리 945-4,전방 70M,거창군 안전총괄과,,,,,,,,,,,,
520,어린이보호,1,경상남도 거창군 거창읍 가지리 1333-15,전방 70M,거창군 안전총괄과,,,,,,,,,,,,
521,어린이보호,1,경상남도 거창군 거창읍 가지리 1333-15,전방 70M,거창군 안전총괄과,,,,,,,,,,,,
522,어린이보호,1,경상남도 거창군 거창읍 가지리 461-2,전방 70M,거창군 안전총괄과,,,,,,,,,,,,
523,어린이보호,1,경남 거창군 거창읍 상림리 865-7,전방 70M,거창군 안전총괄과,,,,,,,,,,,,
524,어린이보호,1,경남 거창군 거창읍 상림리 865-7,전방 70M,거창군 안전총괄과,,,,,,,,,,,,
525,어린이보호,1,경남 거창군 거창읍 상림리 865-7,전방 70M,거창군 안전총괄과,,,,,,,,,,,,
526,어린이보호,1,경남 거창군 거창읍 상림리 865-7,전방 70M,거창군 안전총괄과,,,,,,,,,,,,
527,어린이보호,1,경남 거창군 거창읍 상림리 865-7,전방 70M,거창군 안전총괄과,,,,,,,,,,,,
528,어린이보호,1,경남 거창군 가조면 마상리 375-1,전방 70M,거창군 안전총괄과,,,,,,,,,,,,
529,어린이보호,1,경남 거창군 가조면 마상리 375-1,전방 70M,거창군 안전총괄과,,,,,,,,,,,,
530,어린이보호,1,경남 거창군 가조면 마상리 371-3,전방 70M,거창군 안전총괄과,,,,,,,,,,,,
531,어린이보호,1,경남 거창군 가조면 마상리 371-3,전방 70M,거창군 안전총괄과,,,,,,,,,,,,
532,어린이보호,1,경남 거창군 가조면 마상리 371-3,전방 70M,거창군 안전총괄과,,,,,,,,,,,,
533,어린이보호,1,경남 거창군 거창읍 중앙리 67-1,전방 70M,거창군 안전총괄과,,,,,,,,,,,,
534,어린이보호,1,경남 거창군 거창읍 중앙리 67-1,전방 70M,거창군 안전총괄과,,,,,,,,,,,,
535,어린이보호,1,경남 거창군 거창읍 중앙리 67-1,전방 70M,거창군 안전총괄과,,,,,,,,,,,,
536,어린이보호,1,경남 거창군 거창읍 상림리 64-1,전방 70M,거창군 안전총괄과,,,,,,,,,,,,
537,어린이보호,1,경남 거창군 거창읍 중앙리 320-2,전방 70M,거창군 안전총괄과,,,,,,,,,,,,
538,어린이보호,1,경남 거창군 거창읍 대평리 1463-1,전방 70M,거창군 안전총괄과,,,,,,,,,,,,
539,어린이보호,1,경남 거창군 거창읍 대평리 1257-2,전방 70M,거창군 안전총괄과,,,,,,,,,,,,
540,어린이보호,1,경남 거창군 거창읍 대평리 1257-2,전방 70M,거창군 안전총괄과,,,,,,,,,,,,
541,어린이보호,1,경남 거창군 거창읍 대동리 104-1,전방 70M,거창군 안전총괄과,,,,,,,,,,,,
542,어린이보호,1,경남 거창군 거창읍 대동리 104-1,전방 70M,거창군 안전총괄과,,,,,,,,,,,,
543,어린이보호,1,경남 거창군 거창읍 대동리 100-2,전방 70M,거창군 안전총괄과,,,,,,,,,,,,
544,어린이보호,1,경남 거창군 거창읍 대동리 100-2,전방 70M,거창군 안전총괄과,,,,,,,,,,,,
545,어린이보호,1,경남 거창군 거창읍 대동리 107-1,전방 70M,거창군 안전총괄과,,,,,,,,,,,,
546,어린이보호,1,경남 거창군 거창읍 대동리 107-1,전방 70M,거창군 안전총괄과,,,,,,,,,,,,
547,어린이보호,1,경남 거창군 거창읍 상림리 867-7,전방 70M,거창군 안전총괄과,,,,,,,,,,,,
548,어린이보호,1,경남 거창군 거창읍 상림리 867-7,전방 70M,거창군 안전총괄과,,,,,,,,,,,,
549,어린이보호,1,경남 거창군 거창읍 상림리 867-6,전방 70M,거창군 안전총괄과,,,,,,,,,,,,
550,어린이보호,1,경남 거창군 거창읍 상림리 867-6,전방 70M,거창군 안전총괄과,,,,,,,,,,,,
551,어린이보호,1,경남 거창군 거창읍 상림리 867-6,전방 70M,거창군 안전총괄과,,,,,,,,,,,,
552,어린이보호,1,경남 거창군 거창읍 죽전4길 28,전방 70M,거창군 안전총괄과,,,,,,,,,,,,
553,어린이보호,1,경남 거창군 거창읍 죽전4길 28,전방 70M,거창군 안전총괄과,,,,,,,,,,,,
554,어린이보호,1,경남 거창군 거창읍 죽전4길 28,전방 70M,거창군 안전총괄과,,,,,,,,,,,,
555,어린이보호,1,경남 거창군 거창읍 죽전4길 28,전방 70M,거창군 안전총괄과,,,,,,,,,,,,
556,주정차,1,경상남도 거창군 거창읍 중앙리 233-20,전방 70M,거창군 안전총괄과,,,,,,,,,,,,
557,주정차,1,경상남도 거창군 거창읍 중앙리 233-20,전방 70M,거창군 안전총괄과,,,,,,,,,,,,
558,주정차,1,경상남도 거창군 거창읍 중앙리 130-2,전방 70M,거창군 안전총괄과,,,,,,,,,,,,
559,주정차,1,경상남도 거창군 거창읍 중앙리 130-2,전방 70M,거창군 안전총괄과,,,,,,,,,,,,
560,주정차,1,경상남도 거창군 거창읍 중앙리 130-2,전방 70M,거창군 안전총괄과,,,,,,,,,,,,
561,주정차,1,경상남도 거창군 거창읍 상림리 272-36,전방 70M,거창군 안전총괄과,,,,,,,,,,,,
562,주정차,1,경상남도 거창군 거창읍 상림리 272-36,전방 70M,거창군 안전총괄과,,,,,,,,,,,,
563,주정차,1,경상남도 거창군 거창읍 대동리 930-3,전방 70M,거창군 안전총괄과,,,,,,,,,,,,
564,주정차,1,경상남도 거창군 거창읍 대동리 930-3,전방 70M,거창군 안전총괄과,,,,,,,,,,,,
565,주정차,1,경상남도 거창군 거창읍 대동리 930-3,전방 70M,거창군 안전총괄과,,,,,,,,,,,,
566,주정차,1,경상남도 거창군 거창읍 대동리 930-3,전방 70M,거창군 안전총괄과,,,,,,,,,,,,
567,주정차,1,경상남도 거창군 거창읍 대동리 930-3,전방 70M,거창군 안전총괄과,,,,,,,,,,,,
568,주정차,1,경상남도 거창군 거창읍 상림리 141-2,전방 70M,거창군 안전총괄과,,,,,,,,,,,,
569,주정차,1,경상남도 거창군 거창읍 상림리 141-2,전방 70M,거창군 안전총괄과,,,,,,,,,,,,
570,주정차,1,경상남도 거창군 거창읍 상림리 294-4,전방 70M,거창군 안전총괄과,,,,,,,,,,,,
571,주정차,1,경상남도 거창군 거창읍 상림리 294-4,전방 70M,거창군 안전총괄과,,,,,,,,,,,,
572,주정차,1,경상남도 거창군 거창읍 상림리 294-4,전방 70M,거창군 안전총괄과,,,,,,,,,,,,
573,주정차,1,경상남도 거창군 거창읍 상림리 294-4,전방 70M,거창군 안전총괄과,,,,,,,,,,,,
574,주정차,1,경상남도 거창군 거창읍 중앙리 283-3,전방 70M,거창군 안전총괄과,,,,,,,,,,,,
575,주정차,1,경상남도 거창군 거창읍 중앙리 283-3,전방 70M,거창군 안전총괄과,,,,,,,,,,,,
576,재난감시,1,경상남도 거창군 위천면 황산리 890,전방 70M,거창군 안전총괄과,,,,,,,,,,,,
577,재난감시,1,경상남도 거창읍 송정리 79-1,전방 70M,거창군 안전총괄과,,,,,,,,,,,,
578,재난감시,1,경상남도 거창읍 김천리 1-7,전방 70M,거창군 안전총괄과,,,,,,,,,,,,
579,재난감시,1,경상남도 거창읍 김천리472-104,전방 70M,거창군 안전총괄과,,,,,,,,,,,,
580,재난감시,1,경상남도 거창읍 대동리 12-2,전방 70M,거창군 안전총괄과,,,,,,,,,,,,
581,재난감시,1,경상남도 거창읍 대동리 686-1,전방 70M,거창군 안전총괄과,,,,,,,,,,,,
582,재난감시,1,경상남도 거창읍 양평리 1239-127,전방 70M,거창군 안전총괄과,,,,,,,,,,,,
583,재난감시,1,경상남도 거창군 주상면 도평리 1127-46,전방 70M,거창군 안전총괄과,,,,,,,,,,,,
584,재난감시,1,경상남도 거창읍 송정리 산137,전방 70M,거창군 안전총괄과,,,,,,,,,,,,
585,재난감시,1,경상남도 거창군 마리면 율리 949-7,전방 70M,거창군 안전총괄과,,,,,,,,,,,,
586,재난감시,1,경상남도 거창군 가조면 장기리 192-2,전방 70M,거창군 안전총괄과,,,,,,,,,,,,
587,재난감시,1,경상남도 거창읍 대평리 12,전방 70M,거창군 안전총괄과,,,,,,,,,,,,
588,재난감시,1,경상남도 거창군 남상면 둔동리 700-4,전방 70M,거창군 안전총괄과,,,,,,,,,,,,
589,재난감시,1,경상남도 거창군 남상면 진목리 271-2,전방 70M,거창군 안전총괄과,,,,,,,,,,,,
590,도로상황,1,경상남도 거창군 북상면 월성리 산195-8,전방 70M,거창군 안전총괄과,,,,,,,,,,,,
591,도로상황,1,경상남도 거창군 고제면 봉계리 1128-2,전방 70M,거창군 안전총괄과,,,,,,,,,,,,
592,도로상황,1,경상남도 거창군 고제면 개명리 2024-3,전방 70M,거창군 안전총괄과,,,,,,,,,,,,
593,도로상황,1,경상남도 거창군 남하면 둔마리 산158-1,전방 70M,거창군 안전총괄과,,,,,,,,,,,,
594,도로상황,1,경상남도 거창군 신원면 덕산리 214-2,전방 70M,거창군 안전총괄과,,,,,,,,,,,,
595,도로상황,1,경상남도 거창군 가북면 용암리 535-1,전방 70M,거창군 안전총괄과,,,,,,,,,,,,
596,도로상황,1,경상남도 거창군 신원면 양지리 산34-1,전방 70M,거창군 안전총괄과,,,,,,,,,,,,
597,초등학교,4,경상남도 거창군 가북면 우혜리 1891-3,전방 70M,거창군 안전총괄과,,,,,,,,,,,,
598,초등학교,4,경상남도 거창군 가조면 마상리 336-4,전방 70M,거창군 안전총괄과,,,,,,,,,,,,
599,초등학교,8,경상남도 거창군 거창읍 중앙리 311 ,전방 70M,거창군 안전총괄과,,,,,,,,,,,,
600,초등학교,4,경상남도 거창군 고제면 궁항리 1826-1,전방 70M,거창군 안전총괄과,,,,,,,,,,,,
601,초등학교,4,경상남도 거창군 남상면 무촌리 589-4,전방 70M,거창군 안전총괄과,,,,,,,,,,,,
602,초등학교,4,경상남도 거창군 남하면 무릉리 1290,전방 70M,거창군 안전총괄과,,,,,,,,,,,,
603,초등학교,4,경상남도 거창군 마리면 말흘리 274,전방 70M,거창군 안전총괄과,,,,,,,,,,,,
604,초등학교,4,경상남도 거창군 북상면 갈계리 1439-1,전방 70M,거창군 안전총괄과,,,,,,,,,,,,
605,초등학교,4,경상남도 거창군 거창읍 중앙리 395-4,전방 70M,거창군 안전총괄과,,,,,,,,,,,,
606,초등학교,5,경상남도 거창군 신원면 과정리 199-4,전방 70M,거창군 안전총괄과,,,,,,,,,,,,
607,초등학교,8,경상남도 거창군 거창읍 상림리 775,전방 70M,거창군 안전총괄과,,,,,,,,,,,,
608,초등학교,4,경상남도 거창군 웅양면 노현리 292,전방 70M,거창군 안전총괄과,,,,,,,,,,,,
609,초등학교,4,경상남도 거창군 거창읍 서변리 609 ,전방 70M,거창군 안전총괄과,,,,,,,,,,,,
610,초등학교,4,경상남도 거창군 위천면 강천리 100-2,전방 70M,거창군 안전총괄과,,,,,,,,,,,,
611,초등학교,4,경상남도 거창군 주상면 도평리 536,전방 70M,거창군 안전총괄과,,,,,,,,,,,,
612,초등학교,4,경상남도 거창군 거창읍 대평리 1234,전방 70M,거창군 안전총괄과,,,,,,,,,,,,
613,초등학교,4,경상남도 거창군 거창읍 대동리 100-2,전방 70M,거창군 안전총괄과,,,,,,,,,,,,
614,자연마을,1,경상남도 거창군 가북면 몽석리 305-22번지,전방 70M,거창군 안전총괄과,,,,,,,,,,,,
615,자연마을,1,경상남도 거창군 가북면 몽석리 산81-8번지 ,전방 70M,거창군 안전총괄과,,,,,,,,,,,,
616,자연마을,1,경상남도 거창군 가북면 박암리 1302,전방 70M,거창군 안전총괄과,,,,,,,,,,,,
617,자연마을,1,경상남도 거창군 가북면 박암리 449-6번지,전방 70M,거창군 안전총괄과,,,,,,,,,,,,
618,자연마을,1,경상남도 거창군 가북면 박암리 491-3번지,전방 70M,거창군 안전총괄과,,,,,,,,,,,,
619,자연마을,1,경상남도 거창군 가북면 박암리 649-1 ,전방 70M,거창군 안전총괄과,,,,,,,,,,,,
620,자연마을,1,경상남도 거창군 가북면 박암리 산103-6번지,전방 70M,거창군 안전총괄과,,,,,,,,,,,,
621,자연마을,1,경상남도 거창군 가북면 용산리 207-3,전방 70M,거창군 안전총괄과,,,,,,,,,,,,
622,자연마을,1,경상남도 거창군 가북면 용암리 1233-8번지 용암마을,전방 70M,거창군 안전총괄과,,,,,,,,,,,,
623,자연마을,1,경상남도 거창군 가북면 용암리 1843-2번지 (승강장 앞),전방 70M,거창군 안전총괄과,,,,,,,,,,,,
624,자연마을,1,경상남도 거창군 가북면 용암리 1967-3번지 송정마을 입구,전방 70M,거창군 안전총괄과,,,,,,,,,,,,
625,자연마을,1,경상남도 거창군 가북면 용암리 624-3번지,전방 70M,거창군 안전총괄과,,,,,,,,,,,,
626,자연마을,1,경상남도 거창군 가북면 용암리 758-5번지,전방 70M,거창군 안전총괄과,,,,,,,,,,,,
627,자연마을,1,경상남도 거창군 가북면 우혜리 1296-2번지 삼거리,전방 70M,거창군 안전총괄과,,,,,,,,,,,,
628,자연마을,1,경상남도 거창군 가북면 우혜리 1333-6,전방 70M,거창군 안전총괄과,,,,,,,,,,,,
629,자연마을,1,경상남도 거창군 가북면 장기리 1394-48번지 마을입구,전방 70M,거창군 안전총괄과,,,,,,,,,,,,
630,자연마을,1,경상남도 거창군 가북면 중촌리 1443-1번지,전방 70M,거창군 안전총괄과,,,,,,,,,,,,
631,자연마을,1,경상남도 거창군 가북면 중촌리 1812-3,전방 70M,거창군 안전총괄과,,,,,,,,,,,,
632,자연마을,1,경상남도 거창군 가북면 중촌리 979-3번지,전방 70M,거창군 안전총괄과,,,,,,,,,,,,
633,자연마을,1,경상남도 거창군 가북면 중촌리444-2,전방 70M,거창군 안전총괄과,,,,,,,,,,,,
634,자연마을,1,경상남도 거창군 가북면 해평리 1119-2번지,전방 70M,거창군 안전총괄과,,,,,,,,,,,,
635,자연마을,1,경상남도 거창군 가북면 해평리 762-1번지 (추동교 앞),전방 70M,거창군 안전총괄과,,,,,,,,,,,,
636,자연마을,1,경상남도 거창군 가북면 해평리 832-3번지,전방 70M,거창군 안전총괄과,,,,,,,,,,,,
637,자연마을,1,경상남도 거창군 가북면 해평리 산209-4번지 (육각정 앞),전방 70M,거창군 안전총괄과,,,,,,,,,,,,
638,자연마을,1,경상남도 거창군 가조면  동례리 1325-7번지,전방 70M,거창군 안전총괄과,,,,,,,,,,,,
639,자연마을,1,경상남도 거창군 가조면  동례리 1413번지,전방 70M,거창군 안전총괄과,,,,,,,,,,,,
640,자연마을,1,경상남도 거창군 가조면 기리 1401번지 일대,전방 70M,거창군 안전총괄과,,,,,,,,,,,,
641,자연마을,1,경상남도 거창군 가조면 기리 1559-13,전방 70M,거창군 안전총괄과,,,,,,,,,,,,
642,자연마을,1,경상남도 거창군 가조면 기리 592-1 마을입구,전방 70M,거창군 안전총괄과,,,,,,,,,,,,
643,자연마을,1,경상남도 거창군 가조면 기리 716번지,전방 70M,거창군 안전총괄과,,,,,,,,,,,,
644,자연마을,1,경상남도 거창군 가조면 기리 803-2,전방 70M,거창군 안전총괄과,,,,,,,,,,,,
645,자연마을,1,경상남도 거창군 가조면 대초리 359-1 마을입구,전방 70M,거창군 안전총괄과,,,,,,,,,,,,
646,자연마을,1,경상남도 거창군 가조면 대초리 407-2 ,전방 70M,거창군 안전총괄과,,,,,,,,,,,,
647,자연마을,1,경상남도 거창군 가조면 도리 1011-2 일대,전방 70M,거창군 안전총괄과,,,,,,,,,,,,
648,자연마을,1,경상남도 거창군 가조면 도리 1192-5번지,전방 70M,거창군 안전총괄과,,,,,,,,,,,,
649,자연마을,1,경상남도 거창군 가조면 도리 476-1,전방 70M,거창군 안전총괄과,,,,,,,,,,,,
650,자연마을,1,경상남도 거창군 가조면 동례리 1765-15,전방 70M,거창군 안전총괄과,,,,,,,,,,,,
651,자연마을,1,경상남도 거창군 가조면 동례리 662-1 마을입구,전방 70M,거창군 안전총괄과,,,,,,,,,,,,
652,자연마을,1,경상남도 거창군 가조면 마상리 311-4번지 일대,전방 70M,거창군 안전총괄과,,,,,,,,,,,,
653,자연마을,1,경상남도 거창군 가조면 마상리 860,전방 70M,거창군 안전총괄과,,,,,,,,,,,,
654,자연마을,1,경상남도 거창군 가조면 사병리 469-2 마을입구,전방 70M,거창군 안전총괄과,,,,,,,,,,,,
655,자연마을,1,경상남도 거창군 가조면 사병리 518,전방 70M,거창군 안전총괄과,,,,,,,,,,,,
656,자연마을,1,경상남도 거창군 가조면 석강리 1315-1,전방 70M,거창군 안전총괄과,,,,,,,,,,,,
657,자연마을,1,경상남도 거창군 가조면 석강리 137-16번지,전방 70M,거창군 안전총괄과,,,,,,,,,,,,
658,자연마을,1,경상남도 거창군 가조면 수월리 1370-37 ,전방 70M,거창군 안전총괄과,,,,,,,,,,,,
659,자연마을,1,경상남도 거창군 가조면 수월리 206 삼거리 마을입구,전방 70M,거창군 안전총괄과,,,,,,,,,,,,
660,자연마을,1,경상남도 거창군 가조면 수월리 675-3번지,전방 70M,거창군 안전총괄과,,,,,,,,,,,,
661,자연마을,1,경상남도 거창군 가조면 수월리 709-1,전방 70M,거창군 안전총괄과,,,,,,,,,,,,
662,자연마을,1,경상남도 거창군 가조면 일부리 139-4 일대,전방 70M,거창군 안전총괄과,,,,,,,,,,,,
663,자연마을,1,경상남도 거창군 가조면 장기리 1394-91,전방 70M,거창군 안전총괄과,,,,,,,,,,,,
664,자연마을,1,경상남도 거창군 가조면 장기리 634-1번지 일대,전방 70M,거창군 안전총괄과,,,,,,,,,,,,
665,자연마을,1,경상남도 거창군 가조면 장기리 830 마을입구,전방 70M,거창군 안전총괄과,,,,,,,,,,,,
666,자연마을,1,경상남도 거창군 거창읍 가지리 1176,전방 70M,거창군 안전총괄과,,,,,,,,,,,,
667,자연마을,1,경상남도 거창군 거창읍 가지리 1852,전방 70M,거창군 안전총괄과,,,,,,,,,,,,
668,자연마을,1,경상남도 거창군 거창읍 가지리 1857,전방 70M,거창군 안전총괄과,,,,,,,,,,,,
669,자연마을,1,경상남도 거창군 거창읍 동변리 390-2 죽동마을 진출입로 앞,전방 70M,거창군 안전총괄과,,,,,,,,,,,,
670,자연마을,1,경상남도 거창군 거창읍 동변리 64-2,전방 70M,거창군 안전총괄과,,,,,,,,,,,,
671,자연마을,1,경상남도 거창군 거창읍 동변리 832-5,전방 70M,거창군 안전총괄과,,,,,,,,,,,,
672,자연마을,1,경상남도 거창군 거창읍 동변리 산 200-20번지,전방 70M,거창군 안전총괄과,,,,,,,,,,,,
673,자연마을,1,경상남도 거창군 거창읍 샛단길 28,전방 70M,거창군 안전총괄과,,,,,,,,,,,,
674,자연마을,1,경상남도 거창군 거창읍 서변리 1040-6 사마마을회관 앞,전방 70M,거창군 안전총괄과,,,,,,,,,,,,
675,자연마을,1,경상남도 거창군 거창읍 서변리 341-1번지 마을 입구 진입로,전방 70M,거창군 안전총괄과,,,,,,,,,,,,
676,자연마을,1,경상남도 거창군 거창읍 서변리 981-1번지 마을 입구 진입로,전방 70M,거창군 안전총괄과,,,,,,,,,,,,
677,자연마을,1,경상남도 거창군 거창읍 송정리 1061-46 샛단마을 공동주차장 앞,전방 70M,거창군 안전총괄과,,,,,,,,,,,,
678,자연마을,1,경상남도 거창군 거창읍 송정리 593-1,전방 70M,거창군 안전총괄과,,,,,,,,,,,,
679,자연마을,1,경상남도 거창군 거창읍 양평2길 29-32,전방 70M,거창군 안전총괄과,,,,,,,,,,,,
680,자연마을,1,경상남도 거창군 거창읍 양평리 1054-1,전방 70M,거창군 안전총괄과,,,,,,,,,,,,
681,자연마을,1,경상남도 거창군 거창읍 양평리 1237 ,전방 70M,거창군 안전총괄과,,,,,,,,,,,,
682,자연마을,1,경상남도 거창군 거창읍 양평리 499-7,전방 70M,거창군 안전총괄과,,,,,,,,,,,,
683,자연마을,1,경상남도 거창군 거창읍 양평리786-2,전방 70M,거창군 안전총괄과,,,,,,,,,,,,
684,자연마을,1,경상남도 거창군 거창읍 장팔리 1051-2 웅곡마을 진입로 입구,전방 70M,거창군 안전총괄과,,,,,,,,,,,,
685,자연마을,1,경상남도 거창군 거창읍 장팔리 118-1 장팔리 아랫담경로담 앞,전방 70M,거창군 안전총괄과,,,,,,,,,,,,
686,자연마을,1,경상남도 거창군 거창읍 장팔리 256-5,전방 70M,거창군 안전총괄과,,,,,,,,,,,,
687,자연마을,1,경상남도 거창군 거창읍 절부길 19,전방 70M,거창군 안전총괄과,,,,,,,,,,,,
688,자연마을,1,경상남도 거창군 거창읍 정장리 1028-15,전방 70M,거창군 안전총괄과,,,,,,,,,,,,
689,자연마을,1,경상남도 거창군 거창읍 정장리 19번지,전방 70M,거창군 안전총괄과,,,,,,,,,,,,
690,자연마을,1,경상남도 거창군 거창읍 학리 215-4번지 마을 입구 진입로,전방 70M,거창군 안전총괄과,,,,,,,,,,,,
691,자연마을,1,경상남도 거창군 거창읍 학리 928번지 구례마을회관 앞,전방 70M,거창군 안전총괄과,,,,,,,,,,,,
692,자연마을,1,경상남도 거창군 거창읍 학리 988-1,전방 70M,거창군 안전총괄과,,,,,,,,,,,,
693,자연마을,1,경상남도 거창군 거창읍가지리 1454-1,전방 70M,거창군 안전총괄과,,,,,,,,,,,,
694,자연마을,1,경상남도 거창군 고제면 개명리 129-2번지 괘암마을 입구,전방 70M,거창군 안전총괄과,,,,,,,,,,,,
695,자연마을,1,경상남도 거창군 고제면 개명리 1619-6,전방 70M,거창군 안전총괄과,,,,,,,,,,,,
696,자연마을,1,경상남도 거창군 고제면 개명리 2049-1번지 개흥마을 입구,전방 70M,거창군 안전총괄과,,,,,,,,,,,,
697,자연마을,1,경상남도 거창군 고제면 개명리 262-3,전방 70M,거창군 안전총괄과,,,,,,,,,,,,
698,자연마을,1,경상남도 거창군 고제면 개명리 649-10 마을입구,전방 70M,거창군 안전총괄과,,,,,,,,,,,,
699,자연마을,1,경상남도 거창군 고제면 개명리 730 마을입구,전방 70M,거창군 안전총괄과,,,,,,,,,,,,
700,자연마을,1,경상남도 거창군 고제면 궁항리 1248 마을 우측,전방 70M,거창군 안전총괄과,,,,,,,,,,,,
701,자연마을,1,경상남도 거창군 고제면 궁항리 1277-3 마을 좌측,전방 70M,거창군 안전총괄과,,,,,,,,,,,,
702,자연마을,1,경상남도 거창군 고제면 궁항리 1826-9번지,전방 70M,거창군 안전총괄과,,,,,,,,,,,,
703,자연마을,1,경상남도 거창군 고제면 궁항리 2049,전방 70M,거창군 안전총괄과,,,,,,,,,,,,
704,자연마을,1,경상남도 거창군 고제면 궁항리 350-9번지,전방 70M,거창군 안전총괄과,,,,,,,,,,,,
705,자연마을,1,경상남도 거창군 고제면 농산리 1181-2,전방 70M,거창군 안전총괄과,,,,,,,,,,,,
706,자연마을,1,경상남도 거창군 고제면 농산리 379번지,전방 70M,거창군 안전총괄과,,,,,,,,,,,,
707,자연마을,1,경상남도 거창군 고제면 농산리 615-2,전방 70M,거창군 안전총괄과,,,,,,,,,,,,
708,자연마을,1,경상남도 거창군 고제면 농산리 산204-3 농장입구,전방 70M,거창군 안전총괄과,,,,,,,,,,,,
709,자연마을,1,경상남도 거창군 고제면 봉계리 1103-1,전방 70M,거창군 안전총괄과,,,,,,,,,,,,
710,자연마을,1,경상남도 거창군 고제면 봉계리 1257-2번지 소사마을 입구,전방 70M,거창군 안전총괄과,,,,,,,,,,,,
711,자연마을,1,경상남도 거창군 고제면 봉계리 986-4,전방 70M,거창군 안전총괄과,,,,,,,,,,,,
712,자연마을,1,경상남도 거창군 고제면 봉산리 457,전방 70M,거창군 안전총괄과,,,,,,,,,,,,
713,자연마을,1,경상남도 거창군 고제면 봉산리 504-2번지 하구송마을 입구,전방 70M,거창군 안전총괄과,,,,,,,,,,,,
714,자연마을,1,경상남도 거창군 고제면 봉산리 803-7,전방 70M,거창군 안전총괄과,,,,,,,,,,,,
715,자연마을,1,경상남도 거창군 고제면 봉산리 823-2번지,전방 70M,거창군 안전총괄과,,,,,,,,,,,,
716,자연마을,1,경상남도 거창군 고제면 빼재로 1282-4,전방 70M,거창군 안전총괄과,,,,,,,,,,,,
717,자연마을,1,경상남도 거창군 남상면 대산2길 9,전방 70M,거창군 안전총괄과,,,,,,,,,,,,
718,자연마을,1,경상남도 거창군 남상면 대산리 1111-2,전방 70M,거창군 안전총괄과,,,,,,,,,,,,
719,자연마을,1,경상남도 거창군 남상면 대산리 1270-2,전방 70M,거창군 안전총괄과,,,,,,,,,,,,
720,자연마을,1,경상남도 거창군 남상면 대산리 255-4,전방 70M,거창군 안전총괄과,,,,,,,,,,,,
721,자연마을,1,경상남도 거창군 남상면 대산리 279-10 ,전방 70M,거창군 안전총괄과,,,,,,,,,,,,
722,자연마을,1,경상남도 거창군 남상면 둔동리 1461-11,전방 70M,거창군 안전총괄과,,,,,,,,,,,,
723,자연마을,1,경상남도 거창군 남상면 둔동리 1562 신기마을 새동령골 삼거리,전방 70M,거창군 안전총괄과,,,,,,,,,,,,
724,자연마을,1,경상남도 거창군 남상면 둔동리 509-1 남진소류지 삼거리,전방 70M,거창군 안전총괄과,,,,,,,,,,,,
725,자연마을,1,경상남도 거창군 남상면 둔동리 539-1번지 하남진마을 입구,전방 70M,거창군 안전총괄과,,,,,,,,,,,,
726,자연마을,1,경상남도 거창군 남상면 둔동리 711-4번지 동령마을회관 인근,전방 70M,거창군 안전총괄과,,,,,,,,,,,,
727,자연마을,1,경상남도 거창군 남상면 둔동리 838-18,전방 70M,거창군 안전총괄과,,,,,,,,,,,,
728,자연마을,1,경상남도 거창군 남상면 무촌리 1093-4,전방 70M,거창군 안전총괄과,,,,,,,,,,,,
729,자연마을,1,경상남도 거창군 남상면 무촌리 1344-38 ,전방 70M,거창군 안전총괄과,,,,,,,,,,,,
730,자연마을,1,경상남도 거창군 남상면 무촌리 1996 지하마을 뒷길 삼거리,전방 70M,거창군 안전총괄과,,,,,,,,,,,,
731,자연마을,1,경상남도 거창군 남상면 무촌리 306-1번지 성지경로당 인근,전방 70M,거창군 안전총괄과,,,,,,,,,,,,
732,자연마을,1,경상남도 거창군 남상면 무촌리 497-2번지 마을 진입도로,전방 70M,거창군 안전총괄과,,,,,,,,,,,,
733,자연마을,1,경상남도 거창군 남상면 무촌리 618-1,전방 70M,거창군 안전총괄과,,,,,,,,,,,,
734,자연마을,1,경상남도 거창군 남상면 무촌리 887,전방 70M,거창군 안전총괄과,,,,,,,,,,,,
735,자연마을,1,경상남도 거창군 남상면 송변리 산 6-1,전방 70M,거창군 안전총괄과,,,,,,,,,,,,
736,자연마을,1,경상남도 거창군 남상면 오계리 342-3,전방 70M,거창군 안전총괄과,,,,,,,,,,,,
737,자연마을,1,경상남도 거창군 남상면 오계리 572-1 묵동진입로 삼거리,전방 70M,거창군 안전총괄과,,,,,,,,,,,,
738,자연마을,1,경상남도 거창군 남상면 월평리 1000-2 하월평길 삼거리,전방 70M,거창군 안전총괄과,,,,,,,,,,,,
739,자연마을,1,경상남도 거창군 남상면 임불리 1201,전방 70M,거창군 안전총괄과,,,,,,,,,,,,
740,자연마을,1,경상남도 거창군 남상면 임불리 1590-2,전방 70M,거창군 안전총괄과,,,,,,,,,,,,
741,자연마을,1,경상남도 거창군 남상면 전척리 453-1,전방 70M,거창군 안전총괄과,,,,,,,,,,,,
742,자연마을,1,경상남도 거창군 남상면 진목리 127-2,전방 70M,거창군 안전총괄과,,,,,,,,,,,,
743,자연마을,1,경상남도 거창군 남상면 춘전리 208번지 내춘경로당 인근,전방 70M,거창군 안전총괄과,,,,,,,,,,,,
744,자연마을,1,경상남도 거창군 남상면 춘전리 569,전방 70M,거창군 안전총괄과,,,,,,,,,,,,
745,자연마을,1,경상남도 거창군 남하면 대야리 1064-2번지 마을앞 삼거리,전방 70M,거창군 안전총괄과,,,,,,,,,,,,
746,자연마을,1,경상남도 거창군 남하면 대야리 378-1번지 마을입구 앞,전방 70M,거창군 안전총괄과,,,,,,,,,,,,
747,자연마을,1,경상남도 거창군 남하면 대야리 813,전방 70M,거창군 안전총괄과,,,,,,,,,,,,
748,자연마을,1,경상남도 거창군 남하면 둔마리 811-8,전방 70M,거창군 안전총괄과,,,,,,,,,,,,
749,자연마을,1,경상남도 거창군 남하면 무릉리 520-3,전방 70M,거창군 안전총괄과,,,,,,,,,,,,
750,자연마을,1,경상남도 거창군 남하면 무릉리 560,전방 70M,거창군 안전총괄과,,,,,,,,,,,,
751,자연마을,1,경상남도 거창군 남하면 무릉리 566-2,전방 70M,거창군 안전총괄과,,,,,,,,,,,,
752,자연마을,1,경상남도 거창군 남하면 무릉리 867,전방 70M,거창군 안전총괄과,,,,,,,,,,,,
753,자연마을,1,경상남도 거창군 남하면 산포리 962-8,전방 70M,거창군 안전총괄과,,,,,,,,,,,,
754,자연마을,1,경상남도 거창군 남하면 양항길 18-5,전방 70M,거창군 안전총괄과,,,,,,,,,,,,
755,자연마을,1,경상남도 거창군 남하면 양항리 572-5,전방 70M,거창군 안전총괄과,,,,,,,,,,,,
756,자연마을,1,경상남도 거창군 남하면 양항리 953번지 마을회관 앞,전방 70M,거창군 안전총괄과,,,,,,,,,,,,
757,자연마을,1,경상남도 거창군 남하면 지산리 2143,전방 70M,거창군 안전총괄과,,,,,,,,,,,,
758,자연마을,1,경상남도 거창군 남하면 지산리 252,전방 70M,거창군 안전총괄과,,,,,,,,,,,,
759,자연마을,1,경상남도 거창군 남하면 지산리 868-5 장전마을회관 앞,전방 70M,거창군 안전총괄과,,,,,,,,,,,,
760,자연마을,1,경상남도 거창군 마리면 고창길 120,전방 70M,거창군 안전총괄과,,,,,,,,,,,,
761,자연마을,1,경상남도 거창군 마리면 고창길 183-2,전방 70M,거창군 안전총괄과,,,,,,,,,,,,
762,자연마을,1,경상남도 거창군 마리면 고학리 1219-2,전방 70M,거창군 안전총괄과,,,,,,,,,,,,
763,자연마을,1,경상남도 거창군 마리면 고학리 1221-19,전방 70M,거창군 안전총괄과,,,,,,,,,,,,
764,자연마을,1,경상남도 거창군 마리면 고학리 651-1,전방 70M,거창군 안전총괄과,,,,,,,,,,,,
765,자연마을,1,경상남도 거창군 마리면 고학리 916-2 고대마을 입구,전방 70M,거창군 안전총괄과,,,,,,,,,,,,
766,자연마을,1,경상남도 거창군 마리면 대동리 1455,전방 70M,거창군 안전총괄과,,,,,,,,,,,,
767,자연마을,1,경상남도 거창군 마리면 대동리 1513-1,전방 70M,거창군 안전총괄과,,,,,,,,,,,,
768,자연마을,1,경상남도 거창군 마리면 대동리 303-4,전방 70M,거창군 안전총괄과,,,,,,,,,,,,
769,자연마을,1,경상남도 거창군 마리면 대동리 388-2번지 동편마을 입구,전방 70M,거창군 안전총괄과,,,,,,,,,,,,
770,자연마을,1,경상남도 거창군 마리면 대동리 768-1,전방 70M,거창군 안전총괄과,,,,,,,,,,,,
771,자연마을,1,경상남도 거창군 마리면 대동리 776-4 신기놀이터 앞,전방 70M,거창군 안전총괄과,,,,,,,,,,,,
772,자연마을,1,경상남도 거창군 마리면 대동리 936-1번지 시목마을 안길,전방 70M,거창군 안전총괄과,,,,,,,,,,,,
773,자연마을,1,경상남도 거창군 마리면 대동리 산 60-6,전방 70M,거창군 안전총괄과,,,,,,,,,,,,
774,자연마을,1,경상남도 거창군 마리면 말흘리 215-12,전방 70M,거창군 안전총괄과,,,,,,,,,,,,
775,자연마을,1,경상남도 거창군 마리면 말흘리 790-27,전방 70M,거창군 안전총괄과,,,,,,,,,,,,
776,자연마을,1,경상남도 거창군 마리면 말흘리 855-2,전방 70M,거창군 안전총괄과,,,,,,,,,,,,
777,자연마을,1,경상남도 거창군 마리면 밀흘리 414-11 지동마을 입구,전방 70M,거창군 안전총괄과,,,,,,,,,,,,
778,자연마을,1,경상남도 거창군 마리면 송림길 345 송림마을 입구,전방 70M,거창군 안전총괄과,,,,,,,,,,,,
779,자연마을,1,경상남도 거창군 마리면 영승리 688,전방 70M,거창군 안전총괄과,,,,,,,,,,,,
780,자연마을,1,경상남도 거창군 마리면 월계리 1017 학동마을 주차장,전방 70M,거창군 안전총괄과,,,,,,,,,,,,
781,자연마을,1,경상남도 거창군 마리면 월계리 458-1,전방 70M,거창군 안전총괄과,,,,,,,,,,,,
782,자연마을,1,경상남도 거창군 마리면 월계리 553-2,전방 70M,거창군 안전총괄과,,,,,,,,,,,,
783,자연마을,1,경상남도 거창군 마리면 월계리 560-2번지 성락마을 입구,전방 70M,거창군 안전총괄과,,,,,,,,,,,,
784,자연마을,1,경상남도 거창군 마리면 율리 404-2번지 상율마을 입구,전방 70M,거창군 안전총괄과,,,,,,,,,,,,
785,자연마을,1,경상남도 거창군 마리면 율리 613번지 도동마을 진입로,전방 70M,거창군 안전총괄과,,,,,,,,,,,,
786,자연마을,1,경상남도 거창군 마리면 율리 820-5,전방 70M,거창군 안전총괄과,,,,,,,,,,,,
787,자연마을,1,경상남도 거창군 마리면 하고리 102-3번지 소곡마을 뒤 고창마을 진입로,전방 70M,거창군 안전총괄과,,,,,,,,,,,,
788,자연마을,1,경상남도 거창군 마리면 하고리 732,전방 70M,거창군 안전총괄과,,,,,,,,,,,,
789,자연마을,1,경상남도 거창군 북상면 갈계리 1058-3,전방 70M,거창군 안전총괄과,,,,,,,,,,,,
790,자연마을,1,경상남도 거창군 북상면 갈계리 144-2번지,전방 70M,거창군 안전총괄과,,,,,,,,,,,,
791,자연마을,1,경상남도 거창군 북상면 갈계리 1445-2번지 북상초 앞,전방 70M,거창군 안전총괄과,,,,,,,,,,,,
792,자연마을,1,경상남도 거창군 북상면 갈계리 381-1,전방 70M,거창군 안전총괄과,,,,,,,,,,,,
793,자연마을,1,경상남도 거창군 북상면 갈계리 752-4,전방 70M,거창군 안전총괄과,,,,,,,,,,,,
794,자연마을,1,경상남도 거창군 북상면 갈계리 887-2,전방 70M,거창군 안전총괄과,,,,,,,,,,,,
795,자연마을,1,경상남도 거창군 북상면 농산리 456-1번지 용수막삼거리,전방 70M,거창군 안전총괄과,,,,,,,,,,,,
796,자연마을,1,경상남도 거창군 북상면 농산리 497-5,전방 70M,거창군 안전총괄과,,,,,,,,,,,,
797,자연마을,1,경상남도 거창군 북상면 병곡리 68-2,전방 70M,거창군 안전총괄과,,,,,,,,,,,,
798,자연마을,1,경상남도 거창군 북상면 병곡리 744-4번지,전방 70M,거창군 안전총괄과,,,,,,,,,,,,
799,자연마을,1,경상남도 거창군 북상면 산수리 302-7,전방 70M,거창군 안전총괄과,,,,,,,,,,,,
800,자연마을,1,경상남도 거창군 북상면 소정리 1346-1,전방 70M,거창군 안전총괄과,,,,,,,,,,,,
801,자연마을,1,경상남도 거창군 북상면 소정리 310-1 (신기마을회관 앞),전방 70M,거창군 안전총괄과,,,,,,,,,,,,
802,자연마을,1,경상남도 거창군 북상면 소정리 673-2번지 마을입구 교대,전방 70M,거창군 안전총괄과,,,,,,,,,,,,
803,자연마을,1,경상남도 거창군 북상면 소정리 692-4번지 ,전방 70M,거창군 안전총괄과,,,,,,,,,,,,
804,자연마을,1,경상남도 거창군 북상면 월성리 1005-2 내계마을 앞,전방 70M,거창군 안전총괄과,,,,,,,,,,,,
805,자연마을,1,경상남도 거창군 북상면 월성리 1550-1,전방 70M,거창군 안전총괄과,,,,,,,,,,,,
806,자연마을,1,경상남도 거창군 북상면 월성리 1652-4번지 정자목 인근,전방 70M,거창군 안전총괄과,,,,,,,,,,,,
807,자연마을,1,경상남도 거창군 북상면 월성리 산61-3번지,전방 70M,거창군 안전총괄과,,,,,,,,,,,,
808,자연마을,1,경상남도 거창군 북상면 월성리 산98-5,전방 70M,거창군 안전총괄과,,,,,,,,,,,,
809,자연마을,1,경상남도 거창군 북상면 창선리 23-5,전방 70M,거창군 안전총괄과,,,,,,,,,,,,
810,자연마을,1,경상남도 거창군 신원면 과정리 309-9번지 마을회관 입구,전방 70M,거창군 안전총괄과,,,,,,,,,,,,
811,자연마을,1,경상남도 거창군 신원면 과정리 370-11 번득 큰 도로변,전방 70M,거창군 안전총괄과,,,,,,,,,,,,
812,자연마을,1,경상남도 거창군 신원면 과정리 889-48번지 신원농협 앞,전방 70M,거창군 안전총괄과,,,,,,,,,,,,
813,자연마을,1,경상남도 거창군 신원면 과정리 891,전방 70M,거창군 안전총괄과,,,,,,,,,,,,
814,자연마을,1,경상남도 거창군 신원면 과정리 952-2번지 창지다리 마을 입구,전방 70M,거창군 안전총괄과,,,,,,,,,,,,
815,자연마을,1,경상남도 거창군 신원면 과정리 산120-5 세안 다리입구,전방 70M,거창군 안전총괄과,,,,,,,,,,,,
816,자연마을,1,경상남도 거창군 신원면 구사리 1079-1,전방 70M,거창군 안전총괄과,,,,,,,,,,,,
817,자연마을,1,경상남도 거창군 신원면 구사리 산12-11번지 마을입구,전방 70M,거창군 안전총괄과,,,,,,,,,,,,
818,자연마을,1,경상남도 거창군 신원면 대현리 576-3,전방 70M,거창군 안전총괄과,,,,,,,,,,,,
819,자연마을,1,경상남도 거창군 신원면 대현리 931-2번지 마을입구,전방 70M,거창군 안전총괄과,,,,,,,,,,,,
820,자연마을,1,경상남도 거창군 신원면 덕산리 215-1,전방 70M,거창군 안전총괄과,,,,,,,,,,,,
821,자연마을,1,경상남도 거창군 신원면 덕산리 577-1 마을,전방 70M,거창군 안전총괄과,,,,,,,,,,,,
822,자연마을,1,경상남도 거창군 신원면 덕산리 631-1 마을 제실 뒤쪽,전방 70M,거창군 안전총괄과,,,,,,,,,,,,
823,자연마을,1,경상남도 거창군 신원면 수원리 175-1 물안실 다리입구,전방 70M,거창군 안전총괄과,,,,,,,,,,,,
824,자연마을,1,경상남도 거창군 신원면 수원리 347-3,전방 70M,거창군 안전총괄과,,,,,,,,,,,,
825,자연마을,1,경상남도 거창군 신원면 수원리342-5,전방 70M,거창군 안전총괄과,,,,,,,,,,,,
826,자연마을,1,경상남도 거창군 신원면 양지리 356-1,전방 70M,거창군 안전총괄과,,,,,,,,,,,,
827,자연마을,1,경상남도 거창군 신원면 양지리 75,전방 70M,거창군 안전총괄과,,,,,,,,,,,,
828,자연마을,1,경상남도 거창군 신원면 와룡리 510,전방 70M,거창군 안전총괄과,,,,,,,,,,,,
829,자연마을,1,경상남도 거창군 웅양면 군암리 109-1,전방 70M,거창군 안전총괄과,,,,,,,,,,,,
830,자연마을,1,경상남도 거창군 웅양면 군암리 141-1번지 마을입구,전방 70M,거창군 안전총괄과,,,,,,,,,,,,
831,자연마을,1,경상남도 거창군 웅양면 군암리 595-3,전방 70M,거창군 안전총괄과,,,,,,,,,,,,
832,자연마을,1,경상남도 거창군 웅양면 동호리 1100-1,전방 70M,거창군 안전총괄과,,,,,,,,,,,,
833,자연마을,1,경상남도 거창군 웅양면 동호리 308-5번지 마을회관 앞,전방 70M,거창군 안전총괄과,,,,,,,,,,,,
834,자연마을,1,경상남도 거창군 웅양면 산포리 1139,전방 70M,거창군 안전총괄과,,,,,,,,,,,,
835,자연마을,1,경상남도 거창군 웅양면 산포리 1387-36,전방 70M,거창군 안전총괄과,,,,,,,,,,,,
836,자연마을,1,경상남도 거창군 웅양면 산포리 1544-3번지 마을 회관앞,전방 70M,거창군 안전총괄과,,,,,,,,,,,,
837,자연마을,1,경상남도 거창군 웅양면 산포리 893,전방 70M,거창군 안전총괄과,,,,,,,,,,,,
838,자연마을,1,경상남도 거창군 웅양면 산포리277-1,전방 70M,거창군 안전총괄과,,,,,,,,,,,,
839,자연마을,1,경상남도 거창군 웅양면 신촌리 615-2번지 마을진입로 앞,전방 70M,거창군 안전총괄과,,,,,,,,,,,,
840,자연마을,1,경상남도 거창군 웅양면 죽림리 1072-3,전방 70M,거창군 안전총괄과,,,,,,,,,,,,
841,자연마을,1,경상남도 거창군 웅양면 죽림리 140-4,전방 70M,거창군 안전총괄과,,,,,,,,,,,,
842,자연마을,1,경상남도 거창군 웅양면 죽림리 294-1,전방 70M,거창군 안전총괄과,,,,,,,,,,,,
843,자연마을,1,경상남도 거창군 웅양면 죽림리 68-27,전방 70M,거창군 안전총괄과,,,,,,,,,,,,
844,자연마을,1,경상남도 거창군 웅양면 죽림리 926-5번지 ,전방 70M,거창군 안전총괄과,,,,,,,,,,,,
845,자연마을,1,경상남도 거창군 웅양면 한기리 914-3,전방 70M,거창군 안전총괄과,,,,,,,,,,,,
846,자연마을,1,경상남도 거창군 웅양면 한기리 926-2,전방 70M,거창군 안전총괄과,,,,,,,,,,,,
847,자연마을,1,경상남도 거창군 웅양면 한기리420-2,전방 70M,거창군 안전총괄과,,,,,,,,,,,,
848,자연마을,1,경상남도 거창군 위천면 강남불2길 6,전방 70M,거창군 안전총괄과,,,,,,,,,,,,
849,자연마을,1,경상남도 거창군 위천면 강천리 282-2,전방 70M,거창군 안전총괄과,,,,,,,,,,,,
850,자연마을,1,경상남도 거창군 위천면 강천리 392-1번지 마항마을회관 옆 ,전방 70M,거창군 안전총괄과,,,,,,,,,,,,
851,자연마을,1,경상남도 거창군 위천면 강천리 833-1 마항마을 진입로,전방 70M,거창군 안전총괄과,,,,,,,,,,,,
852,자연마을,1,경상남도 거창군 위천면 남산리 102-1번지 옆 하리골 마을 입구,전방 70M,거창군 안전총괄과,,,,,,,,,,,,
853,자연마을,1,경상남도 거창군 위천면 남산리 425-1,전방 70M,거창군 안전총괄과,,,,,,,,,,,,
854,자연마을,1,경상남도 거창군 위천면 남산리 752-2번지 가현마을 입구,전방 70M,거창군 안전총괄과,,,,,,,,,,,,
855,자연마을,1,경상남도 거창군 위천면 남산리 766-1,전방 70M,거창군 안전총괄과,,,,,,,,,,,,
856,자연마을,1,경상남도 거창군 위천면 남산리 971-31,전방 70M,거창군 안전총괄과,,,,,,,,,,,,
857,자연마을,1,경상남도 거창군 위천면 당산리 330-1 당산마을 진입로,전방 70M,거창군 안전총괄과,,,,,,,,,,,,
858,자연마을,1,경상남도 거창군 위천면 당산리 337-7,전방 70M,거창군 안전총괄과,,,,,,,,,,,,
859,자연마을,1,경상남도 거창군 위천면 덕거길 7,전방 70M,거창군 안전총괄과,,,,,,,,,,,,
860,자연마을,1,경상남도 거창군 위천면 모동리 266 무월마을,전방 70M,거창군 안전총괄과,,,,,,,,,,,,
861,자연마을,1,경상남도 거창군 위천면 모동리 713-4번지 석동마을회관 앞,전방 70M,거창군 안전총괄과,,,,,,,,,,,,
862,자연마을,1,경상남도 거창군 위천면 모동리 931-2,전방 70M,거창군 안전총괄과,,,,,,,,,,,,
863,자연마을,1,경상남도 거창군 위천면 모전길 37,전방 70M,거창군 안전총괄과,,,,,,,,,,,,
864,자연마을,1,경상남도 거창군 위천면 상천리 1053-2,전방 70M,거창군 안전총괄과,,,,,,,,,,,,
865,자연마을,1,경상남도 거창군 위천면 영풍길 43-1,전방 70M,거창군 안전총괄과,,,,,,,,,,,,
866,자연마을,1,경상남도 거창군 위천면 원당1길 39,전방 70M,거창군 안전총괄과,,,,,,,,,,,,
867,자연마을,1,경상남도 거창군 위천면 장기리 155-1,전방 70M,거창군 안전총괄과,,,,,,,,,,,,
868,자연마을,1,경상남도 거창군 위천면 장기리 278-1,전방 70M,거창군 안전총괄과,,,,,,,,,,,,
869,자연마을,1,경상남도 거창군 위천면 장기리 457-3번지 인근,전방 70M,거창군 안전총괄과,,,,,,,,,,,,
870,자연마을,1,경상남도 거창군 위천면 장기리 463-4 창촌마을 내부,전방 70M,거창군 안전총괄과,,,,,,,,,,,,
871,자연마을,1,경상남도 거창군 위천면 장기리 64-1 거차마을 진입로,전방 70M,거창군 안전총괄과,,,,,,,,,,,,
872,자연마을,1,경상남도 거창군 위천면 장터길 68,전방 70M,거창군 안전총괄과,,,,,,,,,,,,
873,자연마을,1,경상남도 거창군 위천면 황산1길 97-40,전방 70M,거창군 안전총괄과,,,,,,,,,,,,
874,자연마을,1,경상남도 거창군 위천면 황산리 171-11,전방 70M,거창군 안전총괄과,,,,,,,,,,,,
875,자연마을,1,경상남도 거창군 위천면 황산리 590-5번지 안골가는 길,전방 70M,거창군 안전총괄과,,,,,,,,,,,,
876,자연마을,1,경상남도 거창군 위천면 후방길 54,전방 70M,거창군 안전총괄과,,,,,,,,,,,,
877,자연마을,1,경상남도 거창군 주상면 거기리 804-2,전방 70M,거창군 안전총괄과,,,,,,,,,,,,
878,자연마을,1,경상남도 거창군 주상면 거기리 870-3번지,전방 70M,거창군 안전총괄과,,,,,,,,,,,,
879,자연마을,1,경상남도 거창군 주상면 남산리 1069,전방 70M,거창군 안전총괄과,,,,,,,,,,,,
880,자연마을,1,경상남도 거창군 주상면 남산리 산26-3,전방 70M,거창군 안전총괄과,,,,,,,,,,,,
881,자연마을,1,경상남도 거창군 주상면 남산리426-1번지,전방 70M,거창군 안전총괄과,,,,,,,,,,,,
882,자연마을,1,경상남도 거창군 주상면 내오리 442-1,전방 70M,거창군 안전총괄과,,,,,,,,,,,,
883,자연마을,1,경상남도 거창군 주상면 내오리 산 81-1,전방 70M,거창군 안전총괄과,,,,,,,,,,,,
884,자연마을,1,경상남도 거창군 주상면 도평리 381-5,전방 70M,거창군 안전총괄과,,,,,,,,,,,,
885,자연마을,1,경상남도 거창군 주상면 성기리 1127-3,전방 70M,거창군 안전총괄과,,,,,,,,,,,,
886,자연마을,1,경상남도 거창군 주상면 성기리 1321,전방 70M,거창군 안전총괄과,,,,,,,,,,,,
887,자연마을,1,경상남도 거창군 주상면 성기리 378,전방 70M,거창군 안전총괄과,,,,,,,,,,,,
888,자연마을,1,경상남도 거창군 주상면 성기리 880-4 마을 입구,전방 70M,거창군 안전총괄과,,,,,,,,,,,,
889,자연마을,1,경상남도 거창군 주상면 성기리 998-2 굴다리 부근,전방 70M,거창군 안전총괄과,,,,,,,,,,,,
890,자연마을,1,경상남도 거창군 주상면 연교리 1194번지 외오교 건너 삼거리,전방 70M,거창군 안전총괄과,,,,,,,,,,,,
891,자연마을,1,경상남도 거창군 주상면 연교리 285-2번지 상임실길,전방 70M,거창군 안전총괄과,,,,,,,,,,,,
892,자연마을,1,경상남도 거창군 주상면 연교리 539-1,전방 70M,거창군 안전총괄과,,,,,,,,,,,,
893,자연마을,1,경상남도 거창군 주상면 완대리 481-1 한전주,전방 70M,거창군 안전총괄과,,,,,,,,,,,,
894,자연마을,1,경상남도 거창군 주상면 완대리 891-3,전방 70M,거창군 안전총괄과,,,,,,,,,,,,
