,,,,,
연번,설치목적,설치대수,설치장소,촬영범위,기관명 및 관리부서
1,방범용,1,경상남도 거창군 거창읍 중앙리 100-13,전방 70M,거창군 안전총괄과
2,방범용,1,경상남도 거창군 거창읍 상림리 155-203,전방 70M,거창군 안전총괄과
3,방범용,1,경상남도 거창군 거창읍 상림리 155-203,전방 70M,거창군 안전총괄과
4,방범용,1,경상남도 거창군 거창읍 상림리 155-203,전방 70M,거창군 안전총괄과
5,방범용,1,경상남도 거창군 가북면 우혜리 1882,전방 70M,거창군 안전총괄과
6,방범용,1,경상남도 거창군 가북면 우혜리 1882,전방 70M,거창군 안전총괄과
7,방범용,1,경상남도 거창군 가조면 도리 산82-7,전방 70M,거창군 안전총괄과
8,방범용,1,경상남도 거창군 가조면 마상리 336,전방 70M,거창군 안전총괄과
9,방범용,1,경상남도 거창군 가조면 마상리 336,전방 70M,거창군 안전총괄과
10,방범용,1,경상남도 거창군 거창읍 중앙리 173-4,전방 70M,거창군 안전총괄과
11,방범용,1,경상남도 거창군 거창읍 중앙리 352-14,전방 70M,거창군 안전총괄과
12,방범용,1,경상남도 거창군 거창읍 중앙리 352-14,전방 70M,거창군 안전총괄과
13,방범용,1,경상남도 거창군 거창읍 중앙리 352-14,전방 70M,거창군 안전총괄과
14,방범용,1,경상남도 거창군 거창읍 중앙리 352-14,전방 70M,거창군 안전총괄과
15,방범용,1,경상남도 거창군 거창읍 대동리 679-19,전방 70M,거창군 안전총괄과
16,방범용,1,경상남도 거창군 거창읍 대동리 679-19,전방 70M,거창군 안전총괄과
17,방범용,1,경상남도 거창군 거창읍 대동리 237-3,전방 70M,거창군 안전총괄과
18,방범용,1,경상남도 거창군 거창읍 대동리 237-3,전방 70M,거창군 안전총괄과
19,방범용,1,경상남도 거창군 거창읍 대동리 237-3,전방 70M,거창군 안전총괄과
20,방범용,1,경상남도 거창군 거창읍 대동리 237-3,전방 70M,거창군 안전총괄과
21,방범용,1,경상남도 거창군 거창읍 상림리 670-6,전방 70M,거창군 안전총괄과
22,방범용,1,경상남도 거창군 거창읍 상림리 670-6,전방 70M,거창군 안전총괄과
23,방범용,1,경상남도 거창군 거창읍 상림리 670-6,전방 70M,거창군 안전총괄과
24,방범용,1,경상남도 거창군 거창읍 중앙리 487-2,전방 70M,거창군 안전총괄과
25,방범용,1,경상남도 거창군 거창읍 중앙리 487-2,전방 70M,거창군 안전총괄과
26,방범용,1,경상남도 거창군 거창읍 중앙리 273-25,전방 70M,거창군 안전총괄과
27,방범용,1,경상남도 거창군 거창읍 중앙리 436-8,전방 70M,거창군 안전총괄과
28,방범용,1,경상남도 거창군 거창읍 중앙리 436-8,전방 70M,거창군 안전총괄과
29,방범용,1,경상남도 거창군 거창읍 중앙리 420-5,전방 70M,거창군 안전총괄과
30,방범용,1,경상남도 거창군 거창읍 상림리 778-2,전방 70M,거창군 안전총괄과
31,방범용,1,경상남도 거창군 거창읍 중앙리 317-4,전방 70M,거창군 안전총괄과
32,방범용,1,경상남도 거창군 거창읍 중앙리 317-4,전방 70M,거창군 안전총괄과
33,방범용,1,경상남도 거창군 거창읍 중앙리 317-4,전방 70M,거창군 안전총괄과
34,방범용,1,경상남도 거창군 거창읍 중앙리 317-4,전방 70M,거창군 안전총괄과
35,방범용,1,경상남도 거창군 거창읍 상림리 산34-4,전방 70M,거창군 안전총괄과
36,방범용,1,경상남도 거창군 거창읍 상림리 산34-4,전방 70M,거창군 안전총괄과
37,방범용,1,경상남도 거창군 거창읍 상림리 808,전방 70M,거창군 안전총괄과
38,방범용,1,경상남도 거창군 거창읍 김천리 264,전방 70M,거창군 안전총괄과
39,방범용,1,경상남도 거창군 거창읍 중앙리 282-1,전방 70M,거창군 안전총괄과
40,방범용,1,경상남도 거창군 고제면 궁항리 1147-6,전방 70M,거창군 안전총괄과
41,방범용,1,경상남도 거창군 위천면 상천리 772-3,전방 70M,거창군 안전총괄과
42,방범용,1,경상남도 거창군 위천면 상천리 772-3,전방 70M,거창군 안전총괄과
43,방범용,1,경상남도 거창군 거창읍 김천리 348-1,전방 70M,거창군 안전총괄과
44,방범용,1,경상남도 거창군 거창읍 김천리 348-1,전방 70M,거창군 안전총괄과
45,방범용,1,경상남도 거창군 거창읍 김천리 348-1,전방 70M,거창군 안전총괄과
46,방범용,1,경상남도 거창군 거창읍 김천리 348-1,전방 70M,거창군 안전총괄과
47,방범용,1,경상남도 거창군 남하면 무릉리 1524,전방 70M,거창군 안전총괄과
48,방범용,1,경상남도 거창군 남하면 무릉리 1524,전방 70M,거창군 안전총괄과
49,방범용,1,경상남도 거창군 고제면 농산리 200-2,전방 70M,거창군 안전총괄과
50,방범용,1,경상남도 거창군 고제면 농산리 200-2,전방 70M,거창군 안전총괄과
51,방범용,1,경상남도 거창군 고제면 농산리 200-2,전방 70M,거창군 안전총괄과
52,방범용,1,경상남도 거창군 거창읍 상림리 215-2,전방 70M,거창군 안전총괄과
53,방범용,1,경상남도 거창군 거창읍 상림리 215-2,전방 70M,거창군 안전총괄과
54,방범용,1,경상남도 거창군 거창읍 대동리 869-2,전방 70M,거창군 안전총괄과
55,방범용,1,경상남도 거창군 거창읍 가지리 1719,전방 70M,거창군 안전총괄과
56,방범용,1,경상남도 거창군 거창읍 상림리 12-3,전방 70M,거창군 안전총괄과
57,방범용,1,경상남도 거창군 거창읍 상림리 12-3,전방 70M,거창군 안전총괄과
58,방범용,1,경상남도 거창군 거창읍 중앙리 전473-2,전방 70M,거창군 안전총괄과
59,방범용,1,경상남도 거창군 거창읍 중앙리 전473-2,전방 70M,거창군 안전총괄과
60,방범용,1,경상남도 거창군 거창읍 김천리 2-2,전방 70M,거창군 안전총괄과
61,방범용,1,경상남도 거창군 거창읍 김천리 2-2,전방 70M,거창군 안전총괄과
62,방범용,1,경상남도 거창군 북상면 농산리 133,전방 70M,거창군 안전총괄과
63,방범용,1,경상남도 거창군 거창읍 김천리 472-67,전방 70M,거창군 안전총괄과
64,방범용,1,경상남도 거창군 거창읍 김천리 472-67,전방 70M,거창군 안전총괄과
65,방범용,1,경상남도 거창군 거창읍 김천리 472-67,전방 70M,거창군 안전총괄과
66,방범용,1,경상남도 거창군 북상면 농산리 산17-2,전방 70M,거창군 안전총괄과
67,방범용,1,경상남도 거창군 거창읍 대동리 696-4,전방 70M,거창군 안전총괄과
68,방범용,1,경상남도 거창군 거창읍 대동리 696-4,전방 70M,거창군 안전총괄과
69,방범용,1,경상남도 거창군 거창읍 대동리 696-4,전방 70M,거창군 안전총괄과
70,방범용,1,경상남도 거창군 거창읍 대동리 696-4,전방 70M,거창군 안전총괄과
71,방범용,1,경상남도 거창군 북상면 갈계리 1391-2,전방 70M,거창군 안전총괄과
72,방범용,1,경상남도 거창군 북상면 갈계리 1391-2,전방 70M,거창군 안전총괄과
73,방범용,1,경상남도 거창군 거창읍 대동리 27-13,전방 70M,거창군 안전총괄과
74,방범용,1,경상남도 거창군 북상면 산수리 산51,전방 70M,거창군 안전총괄과
75,방범용,1,경상남도 거창군 가조면 동례리 1725-3,전방 70M,거창군 안전총괄과
76,방범용,1,경상남도 거창군 거창읍 중앙리 482-8,전방 70M,거창군 안전총괄과
77,방범용,1,경상남도 거창군 거창읍 중앙리 482-8,전방 70M,거창군 안전총괄과
78,방범용,1,경상남도 거창군 거창읍 중앙리 482-8,전방 70M,거창군 안전총괄과
79,방범용,1,경상남도 거창군 거창읍 대동리 862-6,전방 70M,거창군 안전총괄과
80,방범용,1,경상남도 거창군 거창읍 대동리 829-3,전방 70M,거창군 안전총괄과
81,방범용,1,경상남도 거창군 거창읍 송정리 485-1,전방 70M,거창군 안전총괄과
82,방범용,1,경상남도 거창군 거창읍 송정리 485-1,전방 70M,거창군 안전총괄과
83,방범용,1,경상남도 거창군 거창읍 송정리 211-3,전방 70M,거창군 안전총괄과
84,방범용,1,경상남도 거창군 거창읍 송정리 211-3,전방 70M,거창군 안전총괄과
85,방범용,1,경상남도 거창군 거창읍 송정리 211-3,전방 70M,거창군 안전총괄과
86,방범용,1,경상남도 거창군 거창읍 대평리 1005,전방 70M,거창군 안전총괄과
87,방범용,1,경상남도 거창군 거창읍 대평리 1005,전방 70M,거창군 안전총괄과
88,방범용,1,경상남도 거창군 신원면 과정리 200,전방 70M,거창군 안전총괄과
89,방범용,1,경상남도 거창군 신원면 과정리 200,전방 70M,거창군 안전총괄과
90,방범용,1,경상남도 거창군 거창읍 대동리 686-1,전방 70M,거창군 안전총괄과
91,방범용,1,경상남도 거창군 거창읍 대동리 686-1,전방 70M,거창군 안전총괄과
92,방범용,1,경상남도 거창군 거창읍 상림리 852,전방 70M,거창군 안전총괄과
93,방범용,1,경상남도 거창군 거창읍 중앙리 453-8,전방 70M,거창군 안전총괄과
94,방범용,1,경상남도 거창군 거창읍 상림리 865-4,전방 70M,거창군 안전총괄과
95,방범용,1,경상남도 거창군 거창읍 상림리 865-4,전방 70M,거창군 안전총괄과
96,방범용,1,경상남도 거창군 거창읍 상림리 865-4,전방 70M,거창군 안전총괄과
97,방범용,1,경상남도 거창군 가조면 동례리 1739-239,전방 70M,거창군 안전총괄과
98,방범용,1,경상남도 거창군 거창읍 대동리 943-22,전방 70M,거창군 안전총괄과
99,방범용,1,경상남도 거창군 거창읍 대동리 943-22,전방 70M,거창군 안전총괄과
100,방범용,1,경상남도 거창군 거창읍 대동리 943-22,전방 70M,거창군 안전총괄과
101,방범용,1,경상남도 거창군 거창읍 대동리 120-1,전방 70M,거창군 안전총괄과
102,방범용,1,경상남도 거창군 거창읍 대동리 120-1,전방 70M,거창군 안전총괄과
103,방범용,1,경상남도 거창군 거창읍 대동리 120-1,전방 70M,거창군 안전총괄과
104,방범용,1,경상남도 거창군 거창읍 대동리 120-1,전방 70M,거창군 안전총괄과
105,방범용,1,경상남도 거창군 거창읍 상림리 141-2,전방 70M,거창군 안전총괄과
106,방범용,1,경상남도 거창군 거창읍 상림리 141-2,전방 70M,거창군 안전총괄과
107,방범용,1,경상남도 거창군 거창읍 상림리 141-2,전방 70M,거창군 안전총괄과
108,방범용,1,경상남도 거창군 가조면 수월리 1311-4,전방 70M,거창군 안전총괄과
109,방범용,1,경상남도 거창군 북상면 월성리 산280-1,전방 70M,거창군 안전총괄과
110,방범용,1,경상남도 거창군 웅양면 노현리 1408,전방 70M,거창군 안전총괄과
111,방범용,1,경상남도 거창군 웅양면 노현리 1408,전방 70M,거창군 안전총괄과
112,방범용,1,경상남도 거창군 거창읍 상림리 609-1,전방 70M,거창군 안전총괄과
113,방범용,1,경상남도 거창군 위천면 장기리 487-1,전방 70M,거창군 안전총괄과
114,방범용,1,경상남도 거창군 위천면 장기리 487-1,전방 70M,거창군 안전총괄과
115,방범용,1,경상남도 거창군 거창읍 대동리 43-2,전방 70M,거창군 안전총괄과
116,방범용,1,경상남도 거창군 거창읍 대동리 43-2,전방 70M,거창군 안전총괄과
117,방범용,1,경상남도 거창군 거창읍 대동리 43-2,전방 70M,거창군 안전총괄과
118,방범용,1,경상남도 거창군 거창읍 김천리 264,전방 70M,거창군 안전총괄과
119,방범용,1,경상남도 거창군 거창읍 김천리 240-2,전방 70M,거창군 안전총괄과
120,방범용,1,경상남도 거창군 거창읍 김천리 240-2,전방 70M,거창군 안전총괄과
121,방범용,1,경상남도 거창군 주상면 거기리 산177-1,전방 70M,거창군 안전총괄과
122,방범용,1,경상남도 거창군 주상면 도평리 580,전방 70M,거창군 안전총괄과
123,방범용,1,경상남도 거창군 주상면 도평리 580,전방 70M,거창군 안전총괄과
124,방범용,1,경상남도 거창군 주상면 도평리 580,전방 70M,거창군 안전총괄과
125,방범용,1,경상남도 거창군 거창읍 상림리 382-3,전방 70M,거창군 안전총괄과
126,방범용,1,경상남도 거창군 거창읍 가지리 261-2,전방 70M,거창군 안전총괄과
127,방범용,1,경상남도 거창군 거창읍 가지리 261-2,전방 70M,거창군 안전총괄과
128,방범용,1,경상남도 거창군 거창읍 가지리 341-5,전방 70M,거창군 안전총괄과
129,방범용,1,경상남도 거창군 가조면 기리 1531-3,전방 70M,거창군 안전총괄과
130,방범용,1,경상남도 거창군 마리면 말흘리 1379-1,전방 70M,거창군 안전총괄과
131,방범용,1,경상남도 거창군 마리면 말흘리 1379-1,전방 70M,거창군 안전총괄과
132,방범용,1,경상남도 거창군 마리면 말흘리 1379-1,전방 70M,거창군 안전총괄과
133,방범용,1,경상남도 거창군 거창읍 대동리 104-9,전방 70M,거창군 안전총괄과
134,방범용,1,경상남도 거창군 거창읍 대동리 104-9,전방 70M,거창군 안전총괄과
135,방범용,1,경상남도 거창군 거창읍 가지리 255-5,전방 70M,거창군 안전총괄과
136,방범용,1,경상남도 거창군 거창읍 가지리 255-5,전방 70M,거창군 안전총괄과
137,방범용,1,경상남도 거창군 거창읍 상림리 773,전방 70M,거창군 안전총괄과
138,방범용,1,경상남도 거창군 거창읍 상림리 773,전방 70M,거창군 안전총괄과
139,방범용,1,경상남도 거창군 거창읍 상림리 378-2,전방 70M,거창군 안전총괄과
140,방범용,1,경상남도 거창군 거창읍 상림리 378-2,전방 70M,거창군 안전총괄과
141,방범용,1,경상남도 거창군 거창읍 상림리 378-2,전방 70M,거창군 안전총괄과
142,방범용,1,경상남도 거창군 거창읍 상림리 867-8,전방 70M,거창군 안전총괄과
143,방범용,1,경상남도 거창군 거창읍 상림리 867-8,전방 70M,거창군 안전총괄과
144,방범용,1,경상남도 거창군 거창읍 상림리 867-8,전방 70M,거창군 안전총괄과
145,방범용,1,경상남도 거창군 거창읍 대평리 946-1,전방 70M,거창군 안전총괄과
146,방범용,1,경상남도 거창군 거창읍 대평리 946-1,전방 70M,거창군 안전총괄과
147,방범용,1,경상남도 거창군 거창읍 대평리 946-1,전방 70M,거창군 안전총괄과
148,방범용,1,경상남도 거창군 거창읍 중앙리 152-2,전방 70M,거창군 안전총괄과
149,방범용,1,경상남도 거창군 거창읍 중앙리 152-2,전방 70M,거창군 안전총괄과
150,방범용,1,경상남도 거창군 거창읍 중앙리 152-2,전방 70M,거창군 안전총괄과
151,방범용,1,경상남도 거창군 거창읍 중앙리 152-2,전방 70M,거창군 안전총괄과
152,방범용,1,경상남도 거창군 거창읍 중앙리 152-2,전방 70M,거창군 안전총괄과
153,방범용,1,경상남도 거창군 남상면 무촌리 558-4,전방 70M,거창군 안전총괄과
154,방범용,1,경상남도 거창군 남상면 무촌리 558-4,전방 70M,거창군 안전총괄과
155,방범용,1,가조면 일부리 1303,전방 70M,거창군 안전총괄과
156,방범용,1,경상남도 거창군 거창읍 상림리 287,전방 70M,거창군 안전총괄과
157,방범용,1,경상남도 거창군 가조면 도리 1163-1,전방 70M,거창군 안전총괄과
158,방범용,1,경상남도 거창군 거창읍 대동리 737-2,전방 70M,거창군 안전총괄과
159,방범용,1,경상남도 거창군 거창읍 대동리 737-2,전방 70M,거창군 안전총괄과
160,방범용,1,경상남도 거창군 거창읍 대동리 737-2,전방 70M,거창군 안전총괄과
161,방범용,1,경상남도 거창군 거창읍 대동리 737-2,전방 70M,거창군 안전총괄과
162,방범용,1,경상남도 거창군 거창읍 대평리 1499-8,전방 70M,거창군 안전총괄과
163,방범용,1,경상남도 거창군 거창읍 대평리 1499-8,전방 70M,거창군 안전총괄과
164,방범용,1,경상남도 거창군 거창읍 대평리 1499-8,전방 70M,거창군 안전총괄과
165,방범용,1,경상남도 거창군 거창읍 송정리 78,전방 70M,거창군 안전총괄과
166,방범용,1,경상남도 거창군 거창읍 송정리 78,전방 70M,거창군 안전총괄과
167,방범용,1,경상남도 거창군 거창읍 송정리 78,전방 70M,거창군 안전총괄과
168,방범용,1,경상남도 거창군 거창읍 송정리 78,전방 70M,거창군 안전총괄과
169,방범용,1,경상남도 거창군 거창읍 대평리 1277,전방 70M,거창군 안전총괄과
170,방범용,1,경상남도 거창군 거창읍 대평리 1277,전방 70M,거창군 안전총괄과
171,방범용,1,경상남도 거창군 거창읍 대평리 1120,전방 70M,거창군 안전총괄과
172,방범용,1,경상남도 거창군 거창읍 대평리 1120,전방 70M,거창군 안전총괄과
173,방범용,1,경상남도 거창군 거창읍 상림리 27-3,전방 70M,거창군 안전총괄과
174,방범용,1,경상남도 거창군 거창읍 상림리 27-3,전방 70M,거창군 안전총괄과
175,방범용,1,경상남도 거창군 거창읍 상림리 39-19,전방 70M,거창군 안전총괄과
176,방범용,1,경상남도 거창군 거창읍 상림리 39-19,전방 70M,거창군 안전총괄과
177,방범용,1,경상남도 거창군 거창읍 중앙리 483-1,전방 70M,거창군 안전총괄과
178,방범용,1,경상남도 거창군 거창읍 상림리 869-1,전방 70M,거창군 안전총괄과
179,방범용,1,경상남도 거창군 거창읍 대동리 1000,전방 70M,거창군 안전총괄과
180,방범용,1,경상남도 거창군 거창읍 대동리 1000,전방 70M,거창군 안전총괄과
181,방범용,1,경상남도 거창군 거창읍 정장리 1138-1,전방 70M,거창군 안전총괄과
182,방범용,1,경상남도 거창군 거창읍 정장리 1138-1,전방 70M,거창군 안전총괄과
183,방범용,1,경상남도 거창군 거창읍 정장리 1138-1,전방 70M,거창군 안전총괄과
184,방범용,1,경상남도 거창군 거창읍 상림리 497-3,전방 70M,거창군 안전총괄과
185,방범용,1,경상남도 거창군 거창읍 상림리 188-1,전방 70M,거창군 안전총괄과
186,방범용,1,경상남도 거창군 거창읍 상림리 188-1,전방 70M,거창군 안전총괄과
187,방범용,1,경상남도 거창군 거창읍 대동리 690-4,전방 70M,거창군 안전총괄과
188,방범용,1,경상남도 거창군 거창읍 김천리 162-7,전방 70M,거창군 안전총괄과
189,방범용,1,경상남도 거창군 거창읍 대동리 6893,전방 70M,거창군 안전총괄과
190,방범용,1,경상남도 거창군 거창읍 대동리 6893,전방 70M,거창군 안전총괄과
191,방범용,1,경상남도 거창군 위천면 장기리 175-6,전방 70M,거창군 안전총괄과
192,방범용,1,경상남도 거창군 위천면 장기리 175-6,전방 70M,거창군 안전총괄과
193,방범용,1,경상남도 거창군 가조면 장기리 286-20,전방 70M,거창군 안전총괄과
194,방범용,1,경상남도 거창군 가조면 장기리 286-20,전방 70M,거창군 안전총괄과
195,방범용,1,경상남도 거창군 가조면 사병리 1255-13,전방 70M,거창군 안전총괄과
196,방범용,1,경상남도 거창군 주상면 완대리 639-5,전방 70M,거창군 안전총괄과
197,방범용,1,경상남도 거창군 주상면 완대리 639-5,전방 70M,거창군 안전총괄과
198,방범용,1,경상남도 거창군 남상면 월평리 2202,전방 70M,거창군 안전총괄과
199,방범용,1,경상남도 거창군 남상면 월평리 2202,전방 70M,거창군 안전총괄과
200,방범용,1,경상남도 거창군 웅양면 군암리 462-1,전방 70M,거창군 안전총괄과
201,방범용,1,경상남도 거창군 신원면 구사리 1007-3,전방 70M,거창군 안전총괄과
202,방범용,1,경상남도 거창군 신원면 구사리 1007-3,전방 70M,거창군 안전총괄과
203,방범용,1,경상남도 거창군 고제면 개명리 2208,전방 70M,거창군 안전총괄과
204,방범용,1,경상남도 거창군 거창읍 상림리 867-5,전방 70M,거창군 안전총괄과
205,방범용,1,경상남도 거창군 거창읍 대평리 441-6,전방 70M,거창군 안전총괄과
206,방범용,1,경상남도 거창군 거창읍 가지리 447-3,전방 70M,거창군 안전총괄과
207,방범용,1,경상남도 거창군 거창읍 대동리 27-13,전방 70M,거창군 안전총괄과
208,방범용,1,경상남도 거창군 거창읍 양평리 1239-127,전방 70M,거창군 안전총괄과
209,방범용,1,경상남도 거창군 거창읍 중앙리 2-7,전방 70M,거창군 안전총괄과
210,방범용,1,경상남도 거창군 거창읍 중앙리 2-7,전방 70M,거창군 안전총괄과
211,방범용,1,경상남도 거창군 거창읍 중앙리 2-7,전방 70M,거창군 안전총괄과
212,방범용,1,경상남도 거창군 거창읍 상림리 15-1,전방 70M,거창군 안전총괄과
213,방범용,1,경상남도 거창군 거창읍 김천리 99-1,전방 70M,거창군 안전총괄과
214,방범용,1,경상남도 거창군 거창읍 중앙리 441-4,전방 70M,거창군 안전총괄과
215,방범용,1,경상남도 거창군 거창읍 중앙리 441-4,전방 70M,거창군 안전총괄과
216,방범용,1,경상남도 거창군 거창읍 김천리 2-28,전방 70M,거창군 안전총괄과
217,방범용,1,경상남도 거창군 거창읍 대평리 1005-36,전방 70M,거창군 안전총괄과
218,방범용,1,경상남도 거창군 거창읍 중앙리 36-3,전방 70M,거창군 안전총괄과
219,방범용,1,경상남도 거창군 거창읍 상림리 773,전방 70M,거창군 안전총괄과
220,방범용,1,경상남도 거창군 거창읍 김천리 453-1,전방 70M,거창군 안전총괄과
221,방범용,1,경상남도 거창군 거창읍 대평리 950,전방 70M,거창군 안전총괄과
222,방범용,1,경상남도 거창군 거창읍 대평리 935-9,전방 70M,거창군 안전총괄과
223,방범용,1,경상남도 거창군 거창읍 대평리 1201-3,전방 70M,거창군 안전총괄과
224,방범용,1,경상남도 거창군 거창읍 대평리 1473-25,전방 70M,거창군 안전총괄과
225,방범용,1,경상남도 거창군 거창읍 중앙리 152-12,전방 70M,거창군 안전총괄과
226,방범용,1,경상남도 거창군 거창읍 중앙리 152-12,전방 70M,거창군 안전총괄과
227,방범용,1,경상남도 거창군 거창읍 중앙리 152-12,전방 70M,거창군 안전총괄과
228,방범용,1,경상남도 거창군 거창읍 중앙리 152-12,전방 70M,거창군 안전총괄과
229,방범용,1,경상남도 거창군 거창읍 중앙리 152-12,전방 70M,거창군 안전총괄과
230,방범용,1,경상남도 거창군 거창읍 중앙리 152-12,전방 70M,거창군 안전총괄과
231,방범용,1,거창군 거창읍 대동리 648,전방 70M,거창군 안전총괄과
232,방범용,1,거창군 거창읍 대동리 155-2,전방 70M,거창군 안전총괄과
233,방범용,1,거창군 거창읍 대동리 999,전방 70M,거창군 안전총괄과
234,방범용,1,거창군 거창읍 대동리 999,전방 70M,거창군 안전총괄과
235,방범용,1,거창군 거창읍 대동리 106-4,전방 70M,거창군 안전총괄과
236,방범용,1,거창군 거창읍 대동리 106-4,전방 70M,거창군 안전총괄과
237,방범용,1,거창읍 대동리 10-38,전방 70M,거창군 안전총괄과
238,방범용,1,거창군 거창읍 송정리 231,전방 70M,거창군 안전총괄과
239,방범용,1,거창군 거창읍 송정리 231,전방 70M,거창군 안전총괄과
240,방범용,1,거창군 거창읍 중앙리 331-13,전방 70M,거창군 안전총괄과
241,방범용,1,거창군 거창읍 중앙리 331-13,전방 70M,거창군 안전총괄과
242,방범용,1,거창군 거창읍 대동리 68-5,전방 70M,거창군 안전총괄과
243,방범용,1,거창군 거창읍 대동리 68-5,전방 70M,거창군 안전총괄과
244,방범용,1,거창군 거창읍 대동리 1167,전방 70M,거창군 안전총괄과
245,방범용,1,거창군 거창읍 대평리 1264-3,전방 70M,거창군 안전총괄과
246,방범용,1,거창군 거창읍 대평리 1264-3,전방 70M,거창군 안전총괄과
247,방범용,1,거창군 거창읍 송정리 1055-1,전방 70M,거창군 안전총괄과
248,방범용,1,거창군 거창읍 대평리 1512,전방 70M,거창군 안전총괄과
249,방범용,1,거창군 거창읍 대평리 1517,전방 70M,거창군 안전총괄과
250,방범용,1,남하면 양항리 958,전방 70M,거창군 안전총괄과
251,방범용,1,남하면 양항리 958,전방 70M,거창군 안전총괄과
252,방범용,1,가조면 동례리 1725-2,전방 70M,거창군 안전총괄과
253,방범용,1,가조면 동례리 1725-2,전방 70M,거창군 안전총괄과
254,방범용,1,거창읍 대평리 1142,전방 70M,거창군 안전총괄과
255,방범용,1,거창읍 대평리 1142,전방 70M,거창군 안전총괄과
256,방범용,1,거창읍 대동리 127-4,전방 70M,거창군 안전총괄과
257,방범용,1,거창읍 대동리 127-4,전방 70M,거창군 안전총괄과
258,방범용,1,거창읍 대동리 127-4,전방 70M,거창군 안전총괄과
259,방범용,1,거창읍 대동리 127-4,전방 70M,거창군 안전총괄과
260,방범용,1,거창읍 거열로 165,전방 70M,거창군 안전총괄과
261,방범용,1,거창읍 거열로 165,전방 70M,거창군 안전총괄과
262,방범용,1,거창읍 상림리 869-5,전방 70M,거창군 안전총괄과
263,방범용,1,거창읍 상림리 869-6,전방 70M,거창군 안전총괄과
264,방범용,1,거창읍 김천리 402-1,전방 70M,거창군 안전총괄과
265,방범용,1,거창읍 김천리 402-1,전방 70M,거창군 안전총괄과
266,방범용,1,거창읍 상림리 869-3,전방 70M,거창군 안전총괄과
267,방범용,1,거창읍 상림리 869-3,전방 70M,거창군 안전총괄과
268,방범용,1,거창읍 상림리 869-3,전방 70M,거창군 안전총괄과
269,방범용,1,거창읍 상림리 76-4,전방 70M,거창군 안전총괄과
270,방범용,1,거창읍 상림리 76-4,전방 70M,거창군 안전총괄과
271,방범용,1,거창읍 김천리 260-4,전방 70M,거창군 안전총괄과
272,방범용,1,거창읍 김천리 260-4,전방 70M,거창군 안전총괄과
273,방범용,1,거창읍 김천리 260-4,전방 70M,거창군 안전총괄과
274,방범용,1,경상남도 거창군 거창읍 중앙리 36-3,전방 70M,거창군 안전총괄과
275,방범용,1,경상남도 거창군 거창읍 중앙리 36-3,전방 70M,거창군 안전총괄과
276,방범용,1,거창읍 거열로 165,전방 70M,거창군 안전총괄과
277,방범용,1,거창읍 대동리 557-5,전방 70M,거창군 안전총괄과
278,방범용,1,경상남도 거창군 가조면 마상리 312-1,전방 70M,거창군 안전총괄과
279,방범용,1,거창읍 공수들1길 65,전방 70M,거창군 안전총괄과
280,방범용,1,거창읍 공수들1길 65,전방 70M,거창군 안전총괄과
281,방범용,1,거창읍 하동3길 28,전방 70M,거창군 안전총괄과
282,방범용,1,거창읍 하동3길 28,전방 70M,거창군 안전총괄과
283,방범용,1,거창읍 상동7길 64,전방 70M,거창군 안전총괄과
284,방범용,1,거창읍 상동7길 64,전방 70M,거창군 안전총괄과
285,방범용,1,거창읍 강변로 131,전방 70M,거창군 안전총괄과
286,방범용,1,거창읍 강변로 131,전방 70M,거창군 안전총괄과
287,방범용,1,거창읍 양평리 1239-122,전방 70M,거창군 안전총괄과
288,방범용,1,거창읍 양평리 1239-122,전방 70M,거창군 안전총괄과
289,방범용,1,거창읍 대동리 13-3,전방 70M,거창군 안전총괄과
290,방범용,1,거창읍 대동리 13-3,전방 70M,거창군 안전총괄과
291,방범용,1,거창읍 가지리 1719,전방 70M,거창군 안전총괄과
292,방범용,1,가조면 마상리 323-4,전방 70M,거창군 안전총괄과
293,방범용,1,가조면 마상리 323-4,전방 70M,거창군 안전총괄과
294,방범용,1,거창읍 공수들8길 54,전방 70M,거창군 안전총괄과
295,방범용,1,거창읍 공수들8길 54,전방 70M,거창군 안전총괄과
296,방범용,1,거창읍 창동로 101,전방 70M,거창군 안전총괄과
297,방범용,1,거창읍 대동리 943-20,전방 70M,거창군 안전총괄과
298,방범용,1,거창읍 대동리 943-20,전방 70M,거창군 안전총괄과
299,방범용,1,거창읍 대동리 838-2,전방 70M,거창군 안전총괄과
300,방범용,1,거창읍 김천리 481-5,전방 70M,거창군 안전총괄과
301,방범용,1,가북면 용산리 338-2,전방 20M,거창군 안전총괄과
302,방범용,1,가북면 용산리 338-2,전방 20M,거창군 안전총괄과
303,방범용,1,거창읍 중앙로1길70,전방 20M,거창군 안전총괄과
304,방범용,1,거창읍 중앙로1길70,전방 20M,거창군 안전총괄과
305,방범용,1,거창읍 대평2길46,전방 20M,거창군 안전총괄과
306,방범용,1,거창읍 대평2길46,전방 20M,거창군 안전총괄과
307,방범용,1,거창읍 대평2길46,전방 20M,거창군 안전총괄과
308,방범용,1,거창읍 대평2길46,전방 20M,거창군 안전총괄과
309,방범용,1,마리면 송림길52,전방 20M,거창군 안전총괄과
310,방범용,1,마리면 송림길52,전방 20M,거창군 안전총괄과
311,방범용,1,거창읍 대평리 899,전방 20M,거창군 안전총괄과
312,방범용,1,거창읍 대평리 899,전방 20M,거창군 안전총괄과
313,방범용,1,거창읍 대평리 745-2,전방 20M,거창군 안전총괄과
314,방범용,1,거창읍 중앙리 483-37,전방 20M,거창군 안전총괄과
315,방범용,1,거창읍 중앙리 483-37,전방 20M,거창군 안전총괄과
316,방범용,1,거창읍 상림리 30-7,전방 20M,거창군 안전총괄과
317,방범용,1,거창읍 송정리 1119-1,전방 20M,거창군 안전총괄과
318,방범용,1,거창읍 송정리 1119-1,전방 20M,거창군 안전총괄과
319,방범용,1,거창읍 대평리 1017-1,전방 20M,거창군 안전총괄과
320,방범용,1,거창읍 상림리 610,전방 20M,거창군 안전총괄과
321,방범용,1,거창읍 상림리 610,전방 20M,거창군 안전총괄과
322,방범용,1,거창읍 정장리 65-2,전방 20M,거창군 안전총괄과
323,방범용,1,거창읍 강변로 61,전방 20M,거창군 안전총괄과
324,방범용,1,거창읍 강변로 61,전방 20M,거창군 안전총괄과
325,방범용,1,경상남도 거창군 거창읍 중앙리 483-1,전방 20M,거창군 안전총괄과
326,방범용,1,거창읍 정장리 956-43,전방 20M,거창군 안전총괄과
327,방범용,1,거창읍 대동리 95-16,전방 20M,거창군 안전총괄과
328,방범용,1,거창읍 대동리 95-16,전방 20M,거창군 안전총괄과
329,방범용,1,가조면 일부리 1303,전방 20M,거창군 안전총괄과
330,방범용,1,가조면 일부리 1303,전방 20M,거창군 안전총괄과
331,방범용,1,거창읍 대동리 10-38,전방 20M,거창군 안전총괄과
332,방범용,1,거창읍 중앙리 242-4,전방 20M,거창군 안전총괄과
333,방범용,1,거창읍 중앙리 242-4,전방 20M,거창군 안전총괄과
334,방범용,1,거창읍 중앙리 242-4,전방 70M,거창군 안전총괄과
335,방범용,1,거창읍 상림리 796-3,전방 70M,거창군 안전총괄과
336,방범용,1,거창읍 대평리 1005-65,전방 70M,거창군 안전총괄과
337,방범용,1,거창읍 대평리 1005-65,전방 70M,거창군 안전총괄과
338,방범용,1,거창읍 대동리 55-3,전방 70M,거창군 안전총괄과
339,방범용,1,거창읍 대동리 55-3,전방 70M,거창군 안전총괄과
340,방범용,1,거창읍 대동리 989-2,전방 70M,거창군 안전총괄과
341,방범용,1,거창읍 대동리 989-2,전방 70M,거창군 안전총괄과
342,방범용,1,거창읍 가지리 696-26,전방 70M,거창군 안전총괄과
343,방범용,1,거창읍 가지리 696-26,전방 70M,거창군 안전총괄과
344,방범용,1,거창읍 대평리 1496-9,전방 70M,거창군 안전총괄과
345,방범용,1,거창읍 대평리 1496-9,전방 70M,거창군 안전총괄과
346,방범용,1,거창읍 김천리 산8-33,전방 70M,거창군 안전총괄과
347,방범용,1,거창읍 김천리 산8-33,전방 70M,거창군 안전총괄과
348,방범용,1,거창읍 상림리 783-6,전방 70M,거창군 안전총괄과
349,방범용,1,거창읍 상림리 783-6,전방 70M,거창군 안전총괄과
350,방범용,1,거창읍 상림리 243-3,전방 70M,거창군 안전총괄과
351,방범용,1,거창읍 상림리 243-3,전방 70M,거창군 안전총괄과
352,방범용,1,거창읍 대동리 61,전방 70M,거창군 안전총괄과
353,방범용,1,거창읍 대동리 61,전방 70M,거창군 안전총괄과
354,방범용,1,위천면 황산리 583-9,전방 70M,거창군 안전총괄과
355,방범용,1,위천면 황산리 583-9,전방 70M,거창군 안전총괄과
356,방범용,1,거창읍 대동리 985-10,전방 70M,거창군 안전총괄과
357,방범용,1,거창읍 대동리 985-10,전방 70M,거창군 안전총괄과
358,방범용,1,거창읍 대동리 985-10,전방 70M,거창군 안전총괄과
359,방범용,1,거창읍 대동리 851-5,전방 70M,거창군 안전총괄과
360,방범용,1,거창읍 대동리 851-5,전방 70M,거창군 안전총괄과
361,방범용,1,거창읍 상림리 85-3,전방 70M,거창군 안전총괄과
362,방범용,1,거창읍 상림리 85-3,전방 70M,거창군 안전총괄과
363,방범용,1,거창읍 상림리 85-3,전방 70M,거창군 안전총괄과
364,방범용,1,거창읍 상림리 35-5,전방 70M,거창군 안전총괄과
365,방범용,1,거창읍 상림리 35-5,전방 70M,거창군 안전총괄과
366,방범용,1,경상남도 거창군 거창읍 대동리 43-2,전방 70M,거창군 안전총괄과
367,방범용,1,거창읍 대동리 707-3,전방 70M,거창군 안전총괄과
368,방범용,1,거창읍 대동리 707-3,전방 70M,거창군 안전총괄과
369,방범용,1,경상남도 거창군 거창읍 대동리 869-2,전방 70M,거창군 안전총괄과
370,방범용,1,거창읍 중앙리 283-8,전방 70M,거창군 안전총괄과
371,방범용,1,거창읍 중앙리 283-8,전방 70M,거창군 안전총괄과
372,방범용,1,거창읍 김천리 105-15,전방 70M,거창군 안전총괄과
373,방범용,1,거창읍 김천리 105-15,전방 70M,거창군 안전총괄과
374,방범용,1,마리면 율리 816,전방 70M,거창군 안전총괄과
375,방범용,1,마리면 율리 816,전방 70M,거창군 안전총괄과
376,방범용,1,거창읍 상림리 811-4,전방 70M,거창군 안전총괄과
377,방범용,1,가조면 수월리 447-1,전방 70M,거창군 안전총괄과
378,방범용,1,가조면 수월리 447-1,전방 70M,거창군 안전총괄과
379,방범용,1,가조면 수월리 447-1,전방 70M,거창군 안전총괄과
380,방범용,1,가조면 수월리 447-1,전방 70M,거창군 안전총괄과
381,방범용,1,거창읍 대평리 880-2,전방 70M,거창군 안전총괄과
382,방범용,1,거창읍 대평리 808-5,전방 70M,거창군 안전총괄과
383,방범용,1,거창읍 송정리 153-20,전방 70M,거창군 안전총괄과
384,방범용,1,거창읍 송정리 153-20,전방 70M,거창군 안전총괄과
385,방범용,1,남상면 대산리 300-1,전방 70M,거창군 안전총괄과
386,방범용,1,거창읍 가지리 324-12,전방 70M,거창군 안전총괄과
387,방범용,1,거창읍 가지리 324-12,전방 70M,거창군 안전총괄과
388,방범용,1,거창읍 가지리 324-12,전방 70M,거창군 안전총괄과
389,방범용,1,거창읍 송정리 940-16,전방 70M,거창군 안전총괄과
390,방범용,1,거창읍 송정리 940-16,전방 70M,거창군 안전총괄과
391,방범용,1,거창읍 대평리 1452-14,전방 70M,거창군 안전총괄과
392,방범용,1,거창읍 대평리 1452-14,전방 70M,거창군 안전총괄과
393,방범용,1,거창읍 대평리 1452-14,전방 70M,거창군 안전총괄과
394,방범용,1,신원면 양지리 296-2,전방 70M,거창군 안전총괄과
395,방범용,1,남상면 월평리 산176-21,전방 70M,거창군 안전총괄과
396,방범용,1,남상면 월평리 산176-21,전방 70M,거창군 안전총괄과
397,방범용,1,남상면 월평리 산176-21,전방 70M,거창군 안전총괄과
398,방범용,1,거창읍 학리 1047-136,전방 70M,거창군 안전총괄과
399,방범용,1,거창읍 학리 1047-136,전방 70M,거창군 안전총괄과
400,방범용,1,거창읍 대평리 1296-2,전방 70M,거창군 안전총괄과
401,방범용,1,거창읍 대평리 1296-2,전방 70M,거창군 안전총괄과
402,방범용,1,거창읍 대평리 1296-2,전방 70M,거창군 안전총괄과
403,방범용,1,웅양면 한기리 920-2,전방 70M,거창군 안전총괄과
404,방범용,1,웅양면 한기리 920-2,전방 70M,거창군 안전총괄과
405,방범용,1,거창읍 송정리 1107-11,전방 70M,거창군 안전총괄과
406,방범용,1,거창읍 송정리 1107-11,전방 70M,거창군 안전총괄과
407,방범용,1,거창읍 상림리 805,전방 70M,거창군 안전총괄과
408,방범용,1,거창읍 상림리 805,전방 70M,거창군 안전총괄과
409,방범용,1,거창읍 송정리 1137-10,전방 70M,거창군 안전총괄과
410,방범용,1,거창읍 송정리 1137-10,전방 70M,거창군 안전총괄과
411,방범용,1,거창읍 송정리 1137-10,전방 70M,거창군 안전총괄과
412,방범용,1,거창읍 상림리 278-2,전방 70M,거창군 안전총괄과
413,방범용,1,거창읍 상림리 278-2,전방 70M,거창군 안전총괄과
